CO_CURSO,TP_SEXO,NT_GER,EST_CIVIL,COR_RACA,RENDA
13405,F,36.4,SOLTEIRO(A),AMARELA,ATE 1.5
13405,M,66.3,SOLTEIRO(A),PARDA,ATE 1.5
13405,M,27.3,SOLTEIRO(A),BRANCA,ATE 1.5
13405,F,54.6,SOLTEIRO(A),BRANCA,DE 1.5 A 3
13405,M,34.8,SOLTEIRO(A),PARDA,ATE 1.5
13405,M,44.2,SOLTEIRO(A),PARDA,ATE 1.5
13405,F,34.1,SOLTEIRO(A),PARDA,ATE 1.5
13405,M,38.9,SOLTEIRO(A),BRANCA,DE 3 A 4.5
13405,F,47.6,SOLTEIRO(A),PARDA,DE 3 A 4.5
13405,M,41.4,SOLTEIRO(A),PARDA,ATE 1.5
13405,F,58.3,SOLTEIRO(A),PARDA,DE 3 A 4.5
13405,F,41.1,SOLTEIRO(A),PARDA,ATE 1.5
13405,F,42.5,CASADO(A),PARDA,ATE 1.5
13405,F,61.2,SOLTEIRO(A),NAO DECLARADO,ATE 1.5
13405,F,35,SOLTEIRO(A),AMARELA,ATE 1.5
13405,F,52.9,CASADO(A),PARDA,ATE 1.5
13405,F,24.2,SOLTEIRO(A),PARDA,ATE 1.5
13405,M,40.3,SOLTEIRO(A),BRANCA,DE 3 A 4.5
13405,F,39.8,SOLTEIRO(A),PARDA,ATE 1.5
13405,F,47.3,SOLTEIRO(A),PARDA,DE 1.5 A 3
13405,M,59.9,SOLTEIRO(A),BRANCA,DE 1.5 A 3
13405,F,41,CASADO(A),PARDA,DE 1.5 A 3
13405,F,53.2,SOLTEIRO(A),BRANCA,DE 1.5 A 3
13405,M,65.1,SOLTEIRO(A),NAO DECLARADO,DE 1.5 A 3
13405,F,38.7,SOLTEIRO(A),BRANCA,ATE 1.5
13405,F,30.7,SOLTEIRO(A),BRANCA,DE 1.5 A 3
13405,M,58,SEPARADO(A),BRANCA,ATE 1.5
13405,M,54.5,SOLTEIRO(A),BRANCA,DE 1.5 A 3
13405,F,33.8,SOLTEIRO(A),PARDA,ATE 1.5
13405,F,62.7,SOLTEIRO(A),PARDA,ATE 1.5
13405,F,44.6,SOLTEIRO(A),PARDA,ATE 1.5
13405,M,42.7,CASADO(A),PARDA,ATE 1.5
13405,M,45.6,SOLTEIRO(A),PARDA,DE 1.5 A 3
13405,F,37.5,SOLTEIRO(A),PARDA,ATE 1.5
13405,M,55.7,SOLTEIRO(A),PRETA,ATE 1.5
13405,M,48.4,SOLTEIRO(A),PARDA,DE 1.5 A 3
13405,M,31.5,SOLTEIRO(A),PRETA,ATE 1.5
13405,F,31.1,SOLTEIRO(A),BRANCA,ATE 1.5
13405,M,70.7,CASADO(A),NAO DECLARADO,DE 1.5 A 3
13405,M,32.1,SOLTEIRO(A),NAO DECLARADO,DE 1.5 A 3
13405,F,55.9,SOLTEIRO(A),PARDA,DE 1.5 A 3
13405,M,41.9,SOLTEIRO(A),PRETA,ATE 1.5
13405,F,36.1,SOLTEIRO(A),PRETA,ATE 1.5
13405,F,40.3,SOLTEIRO(A),BRANCA,ATE 1.5
13405,F,34.9,SEPARADO(A),BRANCA,ATE 1.5
13405,F,31.8,SOLTEIRO(A),BRANCA,ATE 1.5
13405,F,46.3,SOLTEIRO(A),BRANCA,DE 4.5 A 6
13405,F,27.3,SOLTEIRO(A),NAO DECLARADO,ATE 1.5
13405,M,64.1,CASADO(A),PRETA,ATE 1.5
13405,F,54.3,SOLTEIRO(A),PARDA,ATE 1.5
13405,M,35.2,SOLTEIRO(A),PRETA,DE 1.5 A 3
13405,F,48.2,CASADO(A),PARDA,DE 1.5 A 3
13405,F,42.5,SOLTEIRO(A),PARDA,ATE 1.5
13405,F,38.7,OUTRO,PARDA,ATE 1.5
13405,F,43.8,CASADO(A),PARDA,ATE 1.5
13405,F,38,SOLTEIRO(A),AMARELA,ATE 1.5
13405,F,53.6,SOLTEIRO(A),PRETA,DE 1.5 A 3
13405,M,61.1,SOLTEIRO(A),AMARELA,ATE 1.5
13405,M,40,CASADO(A),PRETA,DE 1.5 A 3
13405,F,52.3,SOLTEIRO(A),PARDA,DE 3 A 4.5
13405,M,32.2,CASADO(A),BRANCA,DE 3 A 4.5
13405,F,38.8,SOLTEIRO(A),PRETA,ATE 1.5
13405,M,37.9,CASADO(A),PARDA,F
13405,M,53.8,SOLTEIRO(A),PRETA,DE 1.5 A 3
13405,M,37.4,SOLTEIRO(A),BRANCA,DE 1.5 A 3
13405,F,36.6,CASADO(A),PARDA,ATE 1.5
13405,M,24.9,SOLTEIRO(A),PRETA,DE 3 A 4.5
13405,F,50.4,CASADO(A),PARDA,ATE 1.5
13405,M,21.9,SOLTEIRO(A),AMARELA,DE 1.5 A 3
13405,F,37.9,CASADO(A),PARDA,DE 1.5 A 3
13405,F,36.2,CASADO(A),BRANCA,ATE 1.5
13405,M,42.1,SOLTEIRO(A),PARDA,DE 1.5 A 3
13405,F,36.2,VIUVO(A),PARDA,ATE 1.5
13407,M,54.9,OUTRO,BRANCA,DE 1.5 A 3
13407,M,36.6,SOLTEIRO(A),NAO DECLARADO,ATE 1.5
13407,F,46.5,CASADO(A),BRANCA,DE 1.5 A 3
13407,F,45.7,SOLTEIRO(A),BRANCA,DE 3 A 4.5
13407,F,27.8,SOLTEIRO(A),PARDA,DE 1.5 A 3
13407,M,47.1,SOLTEIRO(A),PARDA,DE 1.5 A 3
13407,M,51,SOLTEIRO(A),BRANCA,DE 1.5 A 3
13407,F,51.2,SOLTEIRO(A),PARDA,ATE 1.5
13407,F,26.2,SOLTEIRO(A),PARDA,ATE 1.5
13407,M,48.3,CASADO(A),PARDA,DE 3 A 4.5
13407,M,61.4,SOLTEIRO(A),AMARELA,ATE 1.5
13407,F,30.9,SOLTEIRO(A),BRANCA,ATE 1.5
13407,F,27.2,CASADO(A),PARDA,ATE 1.5
13407,M,57.9,SOLTEIRO(A),PARDA,ATE 1.5
13407,F,37.6,SOLTEIRO(A),BRANCA,DE 1.5 A 3
13407,F,32.4,SOLTEIRO(A),BRANCA,ATE 1.5
13407,F,44,SOLTEIRO(A),PARDA,ATE 1.5
13407,F,34.1,CASADO(A),BRANCA,DE 1.5 A 3
13407,F,38.7,SOLTEIRO(A),AMARELA,ATE 1.5
13407,F,36.8,SOLTEIRO(A),AMARELA,ATE 1.5
13407,F,47.3,SOLTEIRO(A),PARDA,DE 1.5 A 3
13407,F,43.4,SOLTEIRO(A),PARDA,ATE 1.5
13407,F,36.8,SOLTEIRO(A),PARDA,ATE 1.5
13407,F,59.7,SOLTEIRO(A),PARDA,ATE 1.5
13407,M,71.5,SOLTEIRO(A),BRANCA,ATE 1.5
13407,M,51.7,SOLTEIRO(A),PRETA,DE 1.5 A 3
13407,F,50.3,CASADO(A),PARDA,ATE 1.5
13407,F,65.1,SOLTEIRO(A),BRANCA,DE 1.5 A 3
13407,M,58.6,SOLTEIRO(A),PARDA,ATE 1.5
13407,F,37.8,SOLTEIRO(A),PARDA,ATE 1.5
13407,M,39.4,SOLTEIRO(A),PARDA,DE 1.5 A 3
13407,F,61.1,SOLTEIRO(A),PARDA,DE 4.5 A 6
13407,M,66.3,SOLTEIRO(A),PARDA,ATE 1.5
13407,M,51.4,CASADO(A),BRANCA,DE 1.5 A 3
13407,F,66.5,SOLTEIRO(A),BRANCA,ATE 1.5
13407,M,61.5,SOLTEIRO(A),PRETA,DE 1.5 A 3
13407,M,48,SOLTEIRO(A),BRANCA,ATE 1.5
13407,F,50.7,SOLTEIRO(A),PRETA,ATE 1.5
13407,M,35.7,SOLTEIRO(A),PARDA,ATE 1.5
13407,F,35.3,CASADO(A),BRANCA,ATE 1.5
13407,F,26.4,SOLTEIRO(A),PARDA,ATE 1.5
13407,F,20.8,SOLTEIRO(A),BRANCA,ATE 1.5
13407,M,52.2,SOLTEIRO(A),PARDA,DE 4.5 A 6
13410,M,56,SOLTEIRO(A),PRETA,DE 1.5 A 3
13410,M,52,SOLTEIRO(A),PRETA,ATE 1.5
13410,F,53,SOLTEIRO(A),PRETA,DE 3 A 4.5
13410,M,53,CASADO(A),BRANCA,ATE 1.5
13410,F,58.7,CASADO(A),PARDA,DE 1.5 A 3
13410,F,65,SOLTEIRO(A),PARDA,ATE 1.5
13410,F,32.5,CASADO(A),PRETA,ATE 1.5
13410,F,49.5,CASADO(A),PARDA,ATE 1.5
13410,F,65.8,CASADO(A),PARDA,DE 1.5 A 3
13410,F,38.7,CASADO(A),AMARELA,ATE 1.5
13410,F,44.8,SEPARADO(A),BRANCA,DE 1.5 A 3
13410,F,67,SEPARADO(A),PRETA,DE 3 A 4.5
13410,F,54.9,CASADO(A),PARDA,ATE 1.5
13410,F,65.2,SOLTEIRO(A),PARDA,DE 1.5 A 3
13410,F,42.6,CASADO(A),BRANCA,DE 4.5 A 6
13410,F,56.2,SOLTEIRO(A),PARDA,ATE 1.5
13410,F,58.5,CASADO(A),PRETA,ATE 1.5
13410,F,46.2,SOLTEIRO(A),AMARELA,ATE 1.5
13410,F,58.5,SOLTEIRO(A),PARDA,ATE 1.5
13410,F,36.2,SEPARADO(A),BRANCA,ATE 1.5
13410,F,50.2,CASADO(A),PARDA,DE 1.5 A 3
13410,F,74.5,SOLTEIRO(A),BRANCA,ATE 1.5
13410,F,47,SOLTEIRO(A),PARDA,DE 4.5 A 6
13410,F,48.3,SOLTEIRO(A),PARDA,ATE 1.5
13410,F,69.6,CASADO(A),PARDA,DE 3 A 4.5
13410,F,59.9,SOLTEIRO(A),PARDA,ATE 1.5
13410,F,58.4,CASADO(A),PRETA,ATE 1.5
13410,F,46.8,CASADO(A),PRETA,ATE 1.5
13410,F,29.3,CASADO(A),PARDA,ATE 1.5
13410,F,46,CASADO(A),BRANCA,DE 1.5 A 3
13410,F,35.6,OUTRO,PARDA,ATE 1.5
13410,F,66.8,SOLTEIRO(A),PARDA,ATE 1.5
13410,F,66,SOLTEIRO(A),PRETA,ATE 1.5
13410,F,51.4,CASADO(A),PARDA,ATE 1.5
13410,F,65,SOLTEIRO(A),PARDA,ATE 1.5
13410,F,65.7,CASADO(A),BRANCA,DE 3 A 4.5
13410,F,58.5,SOLTEIRO(A),PRETA,DE 3 A 4.5
13410,F,48.3,SOLTEIRO(A),PARDA,ATE 1.5
13410,M,45,SOLTEIRO(A),PRETA,DE 1.5 A 3
13410,F,44.9,SOLTEIRO(A),PARDA,ATE 1.5
13410,M,45.3,SOLTEIRO(A),PARDA,ATE 1.5
13410,F,43.9,SOLTEIRO(A),AMARELA,ATE 1.5
13410,F,30.6,SOLTEIRO(A),PARDA,DE 1.5 A 3
13410,F,62.6,SOLTEIRO(A),PARDA,ATE 1.5
13410,F,46.3,SOLTEIRO(A),PARDA,ATE 1.5
13410,F,52.1,SOLTEIRO(A),PARDA,ATE 1.5
13410,F,46.5,SOLTEIRO(A),PARDA,DE 1.5 A 3
13410,F,59.8,SOLTEIRO(A),PARDA,ATE 1.5
13410,F,49.5,SOLTEIRO(A),PARDA,ATE 1.5
13410,F,23.4,SOLTEIRO(A),PRETA,ATE 1.5
13410,F,54,SOLTEIRO(A),PARDA,ATE 1.5
13410,F,29.5,SOLTEIRO(A),BRANCA,ATE 1.5
13410,F,59.7,SOLTEIRO(A),BRANCA,ATE 1.5
13410,M,48.2,CASADO(A),BRANCA,ATE 1.5
13410,F,54.8,SOLTEIRO(A),PARDA,ATE 1.5
13410,F,29.5,CASADO(A),PARDA,ATE 1.5
13410,F,50.2,CASADO(A),PARDA,DE 3 A 4.5
13410,F,57.5,CASADO(A),PARDA,ATE 1.5
13410,F,70,SOLTEIRO(A),PARDA,DE 1.5 A 3
13410,F,48.9,CASADO(A),PARDA,ATE 1.5
13410,F,65.7,CASADO(A),PARDA,F
13410,F,35.2,VIUVO(A),BRANCA,ATE 1.5
13410,F,44.3,SOLTEIRO(A),PRETA,DE 1.5 A 3
13410,F,69.6,SOLTEIRO(A),PARDA,DE 1.5 A 3
13410,F,39.9,SOLTEIRO(A),PARDA,DE 1.5 A 3
13410,F,33.4,CASADO(A),PARDA,ATE 1.5
13410,F,40,SOLTEIRO(A),PRETA,DE 1.5 A 3
13410,F,45.6,SEPARADO(A),BRANCA,ATE 1.5
13410,F,30.4,SOLTEIRO(A),PARDA,DE 1.5 A 3
13410,F,40.9,CASADO(A),PRETA,DE 1.5 A 3
13410,F,49.6,OUTRO,NAO DECLARADO,DE 1.5 A 3
13410,F,46.7,CASADO(A),BRANCA,ATE 1.5
13410,F,32.6,SOLTEIRO(A),PARDA,DE 3 A 4.5
13410,F,22.6,SOLTEIRO(A),PRETA,ATE 1.5
13410,F,48.9,SOLTEIRO(A),PRETA,ATE 1.5
13410,M,62.6,SOLTEIRO(A),PARDA,ATE 1.5
13410,F,53.3,SOLTEIRO(A),PARDA,ATE 1.5
13410,F,39.8,SOLTEIRO(A),BRANCA,ATE 1.5
13410,F,34,CASADO(A),PARDA,DE 1.5 A 3
13410,F,53,SOLTEIRO(A),BRANCA,ATE 1.5
13410,F,47.3,SOLTEIRO(A),PARDA,DE 1.5 A 3
13410,F,58.4,CASADO(A),BRANCA,DE 1.5 A 3
13410,F,59.2,SOLTEIRO(A),PARDA,ATE 1.5
13410,F,37,SOLTEIRO(A),BRANCA,ATE 1.5
13410,F,61,SOLTEIRO(A),BRANCA,DE 3 A 4.5
13410,F,41.9,SOLTEIRO(A),PARDA,ATE 1.5
13410,F,58.6,SOLTEIRO(A),PARDA,ATE 1.5
13410,F,40.3,OUTRO,BRANCA,DE 1.5 A 3
13436,F,39.6,CASADO(A),BRANCA,DE 1.5 A 3
13436,F,58.9,SEPARADO(A),INDÍGENA,ATE 1.5
13436,M,38.2,NA,NA,NA
13436,F,55.2,SOLTEIRO(A),PARDA,DE 1.5 A 3
13436,M,55,SOLTEIRO(A),PARDA,ATE 1.5
13436,F,71.3,OUTRO,PRETA,DE 3 A 4.5
13436,M,57.7,SOLTEIRO(A),BRANCA,ATE 1.5
13436,F,73.4,CASADO(A),PARDA,DE 1.5 A 3
13436,M,59.6,SOLTEIRO(A),PARDA,ATE 1.5
13436,M,52.4,SOLTEIRO(A),PARDA,ATE 1.5
13436,M,70,SOLTEIRO(A),BRANCA,DE 3 A 4.5
13436,M,57.5,SOLTEIRO(A),PARDA,DE 1.5 A 3
13436,F,46.8,OUTRO,BRANCA,ATE 1.5
13436,F,44.5,SOLTEIRO(A),PARDA,ATE 1.5
13436,M,65.7,SOLTEIRO(A),PRETA,DE 3 A 4.5
13436,F,65,SOLTEIRO(A),BRANCA,ATE 1.5
13436,F,57.8,SOLTEIRO(A),PRETA,ATE 1.5
13436,M,52.4,SOLTEIRO(A),BRANCA,ATE 1.5
13436,M,51.6,SOLTEIRO(A),PRETA,ATE 1.5
13438,M,60.7,SOLTEIRO(A),BRANCA,ATE 1.5
13438,M,63.5,SOLTEIRO(A),PRETA,F
13438,F,45.5,SOLTEIRO(A),BRANCA,ATE 1.5
13438,F,46,SOLTEIRO(A),BRANCA,DE 1.5 A 3
13438,F,44.3,SOLTEIRO(A),AMARELA,F
13438,F,21.4,SOLTEIRO(A),PARDA,DE 1.5 A 3
13438,M,59.2,SOLTEIRO(A),PARDA,F
13438,M,38,SOLTEIRO(A),BRANCA,F
13438,M,39.4,SOLTEIRO(A),PARDA,DE 3 A 4.5
13438,M,37.4,SOLTEIRO(A),PARDA,DE 3 A 4.5
13438,M,67,SOLTEIRO(A),PARDA,DE 4.5 A 6
13438,M,49.3,SOLTEIRO(A),BRANCA,DE 6 A 10
13438,M,36.8,SOLTEIRO(A),BRANCA,ATE 1.5
13438,M,49.5,SOLTEIRO(A),BRANCA,ATE 1.5
13438,M,46.1,SOLTEIRO(A),BRANCA,DE 1.5 A 3
13438,M,40.8,SOLTEIRO(A),BRANCA,DE 1.5 A 3
13438,M,59.6,SOLTEIRO(A),BRANCA,DE 1.5 A 3
13438,F,42.9,SOLTEIRO(A),BRANCA,DE 3 A 4.5
13438,M,40,SOLTEIRO(A),BRANCA,DE 3 A 4.5
13438,F,57.2,SOLTEIRO(A),NAO DECLARADO,DE 1.5 A 3
13438,F,40.2,SOLTEIRO(A),PARDA,DE 6 A 10
13438,M,43.6,SOLTEIRO(A),BRANCA,F
13438,M,46.3,SOLTEIRO(A),BRANCA,DE 4.5 A 6
13438,M,57.2,SOLTEIRO(A),PARDA,DE 6 A 10
13438,F,55.2,SOLTEIRO(A),NAO DECLARADO,F
13438,M,61.8,SOLTEIRO(A),BRANCA,DE 6 A 10
13438,M,59.5,SOLTEIRO(A),PARDA,DE 3 A 4.5
13438,M,41.9,SOLTEIRO(A),BRANCA,ATE 1.5
13438,M,33.1,SOLTEIRO(A),BRANCA,DE 4.5 A 6
13438,F,37.3,SOLTEIRO(A),PARDA,DE 6 A 10
13438,M,47.3,SOLTEIRO(A),PRETA,DE 6 A 10
13438,M,34.3,SOLTEIRO(A),BRANCA,DE 1.5 A 3
13438,M,42.9,SOLTEIRO(A),PARDA,DE 1.5 A 3
13438,M,28.8,SOLTEIRO(A),NAO DECLARADO,F
13438,M,53.4,SOLTEIRO(A),NAO DECLARADO,DE 3 A 4.5
13438,F,41.8,SOLTEIRO(A),BRANCA,ATE 1.5
13438,M,58.4,SOLTEIRO(A),PRETA,DE 4.5 A 6
13438,M,38.6,SOLTEIRO(A),PARDA,F
13438,F,37.8,SOLTEIRO(A),NAO DECLARADO,DE 4.5 A 6
13438,M,71.4,CASADO(A),PARDA,DE 6 A 10
13438,M,26.9,SOLTEIRO(A),BRANCA,ATE 1.5
13438,M,68.8,SOLTEIRO(A),BRANCA,DE 1.5 A 3
13438,M,48.3,SOLTEIRO(A),BRANCA,DE 6 A 10
13438,M,56.6,SOLTEIRO(A),PARDA,DE 3 A 4.5
13438,M,25.3,SOLTEIRO(A),BRANCA,F
13438,F,53.2,SOLTEIRO(A),PARDA,F
13438,M,56.1,SOLTEIRO(A),BRANCA,DE 3 A 4.5
13438,M,42,SOLTEIRO(A),BRANCA,F
13438,F,52.4,SOLTEIRO(A),PARDA,DE 3 A 4.5
13438,M,68.1,SOLTEIRO(A),BRANCA,DE 1.5 A 3
13438,F,44.3,SOLTEIRO(A),BRANCA,DE 6 A 10
13438,M,69.9,SOLTEIRO(A),PARDA,DE 3 A 4.5
13438,M,34.1,SOLTEIRO(A),BRANCA,DE 3 A 4.5
13438,F,36.5,SOLTEIRO(A),PARDA,DE 3 A 4.5
13438,M,38.5,SOLTEIRO(A),BRANCA,DE 1.5 A 3
13438,M,44.9,SOLTEIRO(A),BRANCA,DE 3 A 4.5
13438,M,42.9,SOLTEIRO(A),PARDA,DE 3 A 4.5
13438,M,42,SOLTEIRO(A),AMARELA,DE 6 A 10
13438,M,44.1,SOLTEIRO(A),PARDA,DE 6 A 10
13438,M,30.6,SOLTEIRO(A),BRANCA,DE 1.5 A 3
13438,F,65.7,SOLTEIRO(A),BRANCA,DE 1.5 A 3
13438,M,59.7,SOLTEIRO(A),NAO DECLARADO,DE 3 A 4.5
13438,F,52.5,SOLTEIRO(A),PARDA,DE 3 A 4.5
13438,M,39.8,SOLTEIRO(A),BRANCA,DE 4.5 A 6
13438,M,34.3,SOLTEIRO(A),PARDA,DE 3 A 4.5
13438,M,41.9,SOLTEIRO(A),BRANCA,DE 1.5 A 3
13438,M,51.1,SOLTEIRO(A),NAO DECLARADO,DE 1.5 A 3
13438,M,53.1,SOLTEIRO(A),PARDA,DE 3 A 4.5
13438,M,24.9,SOLTEIRO(A),PARDA,DE 1.5 A 3
13438,M,47.7,SOLTEIRO(A),BRANCA,F
13438,M,43.9,SOLTEIRO(A),BRANCA,ATE 1.5
13438,M,43.9,SOLTEIRO(A),PRETA,DE 1.5 A 3
13438,M,45.8,SOLTEIRO(A),BRANCA,F
13438,M,23.3,SOLTEIRO(A),BRANCA,DE 3 A 4.5
13438,M,26.9,SOLTEIRO(A),BRANCA,DE 6 A 10
13438,F,42.7,CASADO(A),PARDA,DE 1.5 A 3
13438,M,57.7,SOLTEIRO(A),BRANCA,DE 6 A 10
13438,M,30.4,SOLTEIRO(A),BRANCA,ATE 1.5
13438,M,51,SOLTEIRO(A),PARDA,DE 6 A 10
13438,M,53.5,SOLTEIRO(A),PARDA,DE 4.5 A 6
13438,M,44.2,SOLTEIRO(A),AMARELA,DE 3 A 4.5
13438,M,24.6,SOLTEIRO(A),PARDA,DE 1.5 A 3
13438,F,42.1,SOLTEIRO(A),PARDA,DE 1.5 A 3
13438,F,27.6,SOLTEIRO(A),BRANCA,F
13438,F,70,SOLTEIRO(A),BRANCA,DE 3 A 4.5
13438,M,40.8,SOLTEIRO(A),BRANCA,DE 1.5 A 3
13438,M,53.3,SOLTEIRO(A),BRANCA,DE 3 A 4.5
13438,M,30.4,SOLTEIRO(A),PRETA,DE 6 A 10
13438,M,25.2,SOLTEIRO(A),PARDA,ATE 1.5
13438,M,63.6,SOLTEIRO(A),PARDA,DE 6 A 10
13438,M,50.8,SOLTEIRO(A),PARDA,DE 1.5 A 3
13438,M,28,SOLTEIRO(A),BRANCA,DE 1.5 A 3
13438,M,61.3,SOLTEIRO(A),PARDA,DE 3 A 4.5
13438,M,48.2,SOLTEIRO(A),BRANCA,DE 3 A 4.5
13438,M,69.4,SOLTEIRO(A),BRANCA,DE 6 A 10
13438,M,57.1,SOLTEIRO(A),BRANCA,DE 3 A 4.5
13438,M,42.5,SOLTEIRO(A),BRANCA,DE 4.5 A 6
13438,M,37.3,NA,NA,NA
13438,M,64.2,SOLTEIRO(A),PRETA,DE 4.5 A 6
13438,M,38.8,SOLTEIRO(A),BRANCA,DE 1.5 A 3
13438,M,63.9,SOLTEIRO(A),BRANCA,DE 3 A 4.5
13438,F,50,SOLTEIRO(A),PARDA,F
13438,M,25.1,SOLTEIRO(A),PARDA,DE 4.5 A 6
13438,M,57.3,SOLTEIRO(A),BRANCA,DE 6 A 10
13438,M,37.5,SEPARADO(A),PARDA,DE 1.5 A 3
13438,M,61.5,SOLTEIRO(A),PRETA,DE 6 A 10
13438,M,42.2,SOLTEIRO(A),PARDA,ATE 1.5
13438,M,57.4,SOLTEIRO(A),AMARELA,F
13438,M,45.9,SOLTEIRO(A),BRANCA,DE 4.5 A 6
13438,M,60.9,SOLTEIRO(A),PARDA,DE 3 A 4.5
13438,M,49.1,SOLTEIRO(A),PARDA,DE 3 A 4.5
13438,M,49.9,SOLTEIRO(A),BRANCA,DE 3 A 4.5
13438,F,28.4,SOLTEIRO(A),PARDA,DE 1.5 A 3
13438,M,17.6,SOLTEIRO(A),BRANCA,DE 3 A 4.5
13438,M,39.2,SOLTEIRO(A),PARDA,DE 3 A 4.5
13438,M,55.6,SOLTEIRO(A),PARDA,ATE 1.5
13438,M,33.3,SOLTEIRO(A),PARDA,ATE 1.5
13438,M,48.8,SOLTEIRO(A),BRANCA,DE 3 A 4.5
13438,M,38.8,SOLTEIRO(A),BRANCA,F
13438,M,27.7,SOLTEIRO(A),BRANCA,DE 6 A 10
13438,F,48.4,SOLTEIRO(A),BRANCA,DE 6 A 10
13438,M,61.5,SOLTEIRO(A),PARDA,DE 6 A 10
13438,M,36.5,SOLTEIRO(A),BRANCA,F
13438,M,21.9,SOLTEIRO(A),PARDA,ACIMA DE 30
13438,M,33.4,SOLTEIRO(A),BRANCA,DE 3 A 4.5
13438,F,37.5,SOLTEIRO(A),BRANCA,ATE 1.5
13438,M,50.3,SOLTEIRO(A),PARDA,DE 4.5 A 6
13438,M,32.8,SOLTEIRO(A),BRANCA,DE 6 A 10
13438,F,39,SOLTEIRO(A),PRETA,DE 6 A 10
13438,M,47.9,CASADO(A),PARDA,DE 1.5 A 3
13438,M,30.3,SOLTEIRO(A),PARDA,DE 1.5 A 3
13438,M,57.2,SOLTEIRO(A),PRETA,DE 3 A 4.5
13438,M,54.9,SOLTEIRO(A),BRANCA,DE 4.5 A 6
13438,M,69,SOLTEIRO(A),BRANCA,DE 1.5 A 3
13438,M,36.6,SOLTEIRO(A),BRANCA,DE 4.5 A 6
13438,M,30,SOLTEIRO(A),BRANCA,DE 3 A 4.5
13438,F,56.5,SOLTEIRO(A),BRANCA,DE 1.5 A 3
13438,M,42.3,NA,NA,NA
13438,F,48,SOLTEIRO(A),PARDA,DE 6 A 10
13438,M,44.2,SOLTEIRO(A),PARDA,ACIMA DE 30
13438,M,58.2,SOLTEIRO(A),BRANCA,F
13438,M,26.2,SOLTEIRO(A),BRANCA,DE 6 A 10
13438,M,56.4,SOLTEIRO(A),BRANCA,DE 6 A 10
13438,M,39.9,SOLTEIRO(A),PARDA,DE 6 A 10
13438,M,45.6,CASADO(A),BRANCA,F
13438,M,51.2,SOLTEIRO(A),BRANCA,DE 4.5 A 6
13438,F,46,SOLTEIRO(A),NAO DECLARADO,DE 1.5 A 3
13438,M,57.2,SOLTEIRO(A),BRANCA,DE 6 A 10
13438,F,47.4,SOLTEIRO(A),PARDA,DE 4.5 A 6
13438,M,37.4,SOLTEIRO(A),BRANCA,DE 6 A 10
13438,M,52.4,SOLTEIRO(A),BRANCA,DE 4.5 A 6
13438,F,52.6,SOLTEIRO(A),PARDA,DE 3 A 4.5
13438,M,60.7,SOLTEIRO(A),BRANCA,DE 1.5 A 3
13438,F,41.6,SOLTEIRO(A),NAO DECLARADO,ATE 1.5
13438,M,35.9,CASADO(A),BRANCA,ATE 1.5
13438,M,54.1,SOLTEIRO(A),PARDA,ATE 1.5
13438,M,61.4,SOLTEIRO(A),NAO DECLARADO,DE 1.5 A 3
13438,M,48,SOLTEIRO(A),BRANCA,DE 6 A 10
13438,M,53.3,SOLTEIRO(A),PARDA,DE 3 A 4.5
13438,M,58.5,SOLTEIRO(A),BRANCA,ATE 1.5
13438,F,71.4,SOLTEIRO(A),PARDA,ATE 1.5
13438,F,48.9,SOLTEIRO(A),BRANCA,DE 6 A 10
13438,F,41.8,SOLTEIRO(A),BRANCA,DE 4.5 A 6
13438,M,39.8,SOLTEIRO(A),NAO DECLARADO,F
13438,M,45.9,SOLTEIRO(A),BRANCA,DE 3 A 4.5
13439,M,66.1,SOLTEIRO(A),BRANCA,ATE 1.5
13439,M,65.9,SOLTEIRO(A),BRANCA,DE 6 A 10
13439,F,59.3,SOLTEIRO(A),PARDA,ATE 1.5
13439,M,77.5,SOLTEIRO(A),PARDA,DE 6 A 10
13439,M,40.2,OUTRO,BRANCA,F
13439,M,67.9,CASADO(A),BRANCA,DE 6 A 10
13439,M,74.9,SOLTEIRO(A),PARDA,DE 4.5 A 6
13439,M,58.1,SOLTEIRO(A),PARDA,DE 1.5 A 3
13439,M,45,SOLTEIRO(A),BRANCA,DE 3 A 4.5
13439,F,58.9,SOLTEIRO(A),BRANCA,DE 6 A 10
13439,F,65.5,SOLTEIRO(A),PARDA,DE 1.5 A 3
13439,M,24.2,SOLTEIRO(A),PRETA,DE 3 A 4.5
13439,F,52.3,SOLTEIRO(A),BRANCA,DE 4.5 A 6
13439,M,54.4,SOLTEIRO(A),BRANCA,ATE 1.5
13439,M,58.9,SOLTEIRO(A),BRANCA,DE 1.5 A 3
13439,F,77.2,SOLTEIRO(A),PARDA,DE 1.5 A 3
13439,F,41.8,SOLTEIRO(A),BRANCA,DE 6 A 10
13439,F,40.7,SOLTEIRO(A),AMARELA,DE 1.5 A 3
13439,M,75.7,SOLTEIRO(A),BRANCA,DE 3 A 4.5
13439,F,52.3,SOLTEIRO(A),PARDA,DE 6 A 10
13439,F,74.7,SOLTEIRO(A),PARDA,DE 3 A 4.5
13439,M,49.2,SOLTEIRO(A),BRANCA,DE 3 A 4.5
13439,M,52.9,SOLTEIRO(A),BRANCA,F
13439,M,48.7,SOLTEIRO(A),BRANCA,F
13439,M,55.1,SOLTEIRO(A),BRANCA,DE 3 A 4.5
13439,M,51.4,SOLTEIRO(A),BRANCA,F
13439,F,70.5,SOLTEIRO(A),BRANCA,DE 6 A 10
13439,M,66.2,SOLTEIRO(A),BRANCA,DE 6 A 10
13439,M,62.2,SOLTEIRO(A),PARDA,DE 3 A 4.5
13439,M,54.6,SOLTEIRO(A),PARDA,DE 6 A 10
13439,M,41.4,SOLTEIRO(A),PRETA,F
13439,M,69.6,SOLTEIRO(A),PARDA,DE 4.5 A 6
13439,M,56.7,SOLTEIRO(A),PARDA,DE 1.5 A 3
13439,M,50,SOLTEIRO(A),BRANCA,ACIMA DE 30
13439,F,70.1,SOLTEIRO(A),PARDA,DE 1.5 A 3
13439,M,39.1,SOLTEIRO(A),PARDA,DE 1.5 A 3
13439,F,60.8,SOLTEIRO(A),PARDA,DE 6 A 10
13439,M,67.8,SOLTEIRO(A),PARDA,DE 6 A 10
13439,M,54.3,SOLTEIRO(A),BRANCA,DE 6 A 10
13439,M,65,SOLTEIRO(A),PARDA,DE 6 A 10
13439,M,66.8,SOLTEIRO(A),BRANCA,DE 6 A 10
13439,M,46.3,SOLTEIRO(A),PARDA,DE 3 A 4.5
13439,M,45.1,SOLTEIRO(A),PARDA,DE 1.5 A 3
13439,M,73.6,SOLTEIRO(A),BRANCA,F
13439,M,73.4,SOLTEIRO(A),BRANCA,DE 4.5 A 6
13439,F,26.9,SOLTEIRO(A),PARDA,DE 1.5 A 3
13439,F,69.9,SOLTEIRO(A),BRANCA,DE 3 A 4.5
13439,M,55.9,SOLTEIRO(A),BRANCA,DE 3 A 4.5
13439,M,42.1,SOLTEIRO(A),BRANCA,DE 3 A 4.5
13439,M,46.1,SOLTEIRO(A),BRANCA,DE 1.5 A 3
13439,F,48.7,SOLTEIRO(A),BRANCA,DE 1.5 A 3
13439,M,69.8,SOLTEIRO(A),NAO DECLARADO,DE 1.5 A 3
13439,F,54.2,SOLTEIRO(A),NAO DECLARADO,DE 6 A 10
13439,M,65.1,SOLTEIRO(A),PARDA,DE 6 A 10
13439,M,51.5,SOLTEIRO(A),BRANCA,ATE 1.5
13439,F,49.2,SOLTEIRO(A),PARDA,DE 4.5 A 6
13439,F,45.5,SOLTEIRO(A),PARDA,DE 3 A 4.5
13439,M,53.9,SOLTEIRO(A),BRANCA,DE 4.5 A 6
13439,M,70.3,SOLTEIRO(A),BRANCA,DE 3 A 4.5
13439,M,53.5,SOLTEIRO(A),BRANCA,DE 6 A 10
13439,M,59.7,SOLTEIRO(A),BRANCA,F
13439,M,44.9,SOLTEIRO(A),BRANCA,ATE 1.5
13439,F,56.4,SOLTEIRO(A),BRANCA,DE 1.5 A 3
13439,M,71.1,SOLTEIRO(A),BRANCA,DE 3 A 4.5
13439,M,50.9,SOLTEIRO(A),PARDA,DE 1.5 A 3
13439,F,58.1,SOLTEIRO(A),PARDA,DE 3 A 4.5
13439,M,59.5,SOLTEIRO(A),BRANCA,DE 6 A 10
13439,M,62.1,SOLTEIRO(A),BRANCA,DE 4.5 A 6
13439,M,70.8,SOLTEIRO(A),NAO DECLARADO,DE 1.5 A 3
13439,F,70.8,SOLTEIRO(A),BRANCA,DE 3 A 4.5
13439,M,72.4,SOLTEIRO(A),NAO DECLARADO,DE 1.5 A 3
13439,M,66.3,SOLTEIRO(A),BRANCA,DE 6 A 10
13439,M,77.4,SOLTEIRO(A),PARDA,DE 1.5 A 3
13439,M,56.7,SOLTEIRO(A),PARDA,DE 3 A 4.5
13439,F,61.3,SOLTEIRO(A),BRANCA,F
13439,M,69,SOLTEIRO(A),PARDA,DE 1.5 A 3
13439,M,73.6,SOLTEIRO(A),BRANCA,DE 6 A 10
13439,M,58.9,SOLTEIRO(A),PARDA,DE 4.5 A 6
13439,M,45.7,SOLTEIRO(A),PARDA,ATE 1.5
13439,F,52.4,SOLTEIRO(A),PARDA,DE 1.5 A 3
13439,F,50.6,SOLTEIRO(A),PARDA,DE 4.5 A 6
13439,M,51.6,SOLTEIRO(A),BRANCA,F
13439,F,57.7,SOLTEIRO(A),BRANCA,DE 6 A 10
13439,M,60.5,SOLTEIRO(A),PARDA,F
13439,M,45.4,SOLTEIRO(A),PARDA,DE 1.5 A 3
13439,F,63.7,SOLTEIRO(A),PARDA,DE 6 A 10
13439,M,52.1,SOLTEIRO(A),BRANCA,DE 1.5 A 3
13439,F,49.7,SOLTEIRO(A),BRANCA,ATE 1.5
13441,F,28.9,SOLTEIRO(A),AMARELA,DE 1.5 A 3
13441,M,51.6,SOLTEIRO(A),BRANCA,ATE 1.5
13441,F,41.3,SOLTEIRO(A),PARDA,F
13441,M,45.2,SOLTEIRO(A),NAO DECLARADO,DE 6 A 10
13441,M,59.9,SOLTEIRO(A),BRANCA,DE 3 A 4.5
13441,M,55.4,SOLTEIRO(A),PARDA,DE 4.5 A 6
13441,M,34.8,SOLTEIRO(A),PARDA,DE 6 A 10
13441,F,46.8,SOLTEIRO(A),BRANCA,ATE 1.5
13441,F,33.8,SOLTEIRO(A),PARDA,DE 1.5 A 3
13441,M,42,SOLTEIRO(A),BRANCA,ATE 1.5
13441,M,47.9,SOLTEIRO(A),BRANCA,ACIMA DE 30
13441,M,47.2,SOLTEIRO(A),PARDA,DE 6 A 10
13441,M,56.6,SOLTEIRO(A),PARDA,DE 1.5 A 3
13441,M,32,SOLTEIRO(A),BRANCA,DE 1.5 A 3
13441,F,55.2,SOLTEIRO(A),BRANCA,DE 3 A 4.5
13441,F,45.8,SOLTEIRO(A),BRANCA,DE 1.5 A 3
13441,F,31.1,SOLTEIRO(A),BRANCA,DE 4.5 A 6
13441,F,44.3,SOLTEIRO(A),BRANCA,DE 1.5 A 3
13441,F,57.6,SOLTEIRO(A),BRANCA,DE 3 A 4.5
13441,F,55,SOLTEIRO(A),PARDA,DE 1.5 A 3
13441,M,52.1,SOLTEIRO(A),PARDA,DE 6 A 10
13441,M,40.2,SOLTEIRO(A),PARDA,DE 3 A 4.5
13441,M,58.5,SOLTEIRO(A),BRANCA,DE 4.5 A 6
13441,M,54.2,SOLTEIRO(A),PARDA,ATE 1.5
13441,F,31.4,SOLTEIRO(A),BRANCA,DE 4.5 A 6
13441,M,36.9,SOLTEIRO(A),BRANCA,DE 1.5 A 3
13441,M,64.6,SOLTEIRO(A),BRANCA,DE 1.5 A 3
13441,F,30.7,SOLTEIRO(A),PARDA,ATE 1.5
13441,F,39,SOLTEIRO(A),PRETA,DE 4.5 A 6
13441,M,31.9,SOLTEIRO(A),BRANCA,DE 1.5 A 3
13441,F,49.4,SOLTEIRO(A),AMARELA,DE 4.5 A 6
13441,F,43.9,CASADO(A),BRANCA,DE 3 A 4.5
13441,F,38.9,SOLTEIRO(A),PARDA,DE 1.5 A 3
13441,M,35,SOLTEIRO(A),BRANCA,DE 1.5 A 3
13441,F,43.2,SOLTEIRO(A),PARDA,DE 6 A 10
13441,M,30.6,SOLTEIRO(A),BRANCA,ATE 1.5
13441,F,51.3,SOLTEIRO(A),BRANCA,DE 1.5 A 3
13441,F,49,SOLTEIRO(A),BRANCA,F
13441,F,32.8,SOLTEIRO(A),AMARELA,DE 1.5 A 3
13441,M,44.6,SOLTEIRO(A),BRANCA,DE 1.5 A 3
13441,F,39.4,SOLTEIRO(A),PARDA,DE 3 A 4.5
13441,M,31.8,SOLTEIRO(A),PARDA,ATE 1.5
13441,M,43.8,SOLTEIRO(A),PRETA,DE 6 A 10
13441,M,46.9,SOLTEIRO(A),PRETA,DE 3 A 4.5
13441,M,48.7,SOLTEIRO(A),BRANCA,DE 1.5 A 3
13441,M,54.8,SOLTEIRO(A),PRETA,DE 1.5 A 3
13441,M,53.1,SOLTEIRO(A),BRANCA,DE 6 A 10
13441,F,56,SOLTEIRO(A),BRANCA,DE 3 A 4.5
13441,F,35.5,SOLTEIRO(A),AMARELA,F
13441,M,46,SOLTEIRO(A),BRANCA,DE 6 A 10
13441,M,27.9,SOLTEIRO(A),BRANCA,DE 6 A 10
13441,F,34.8,SOLTEIRO(A),BRANCA,DE 6 A 10
13441,M,49,SOLTEIRO(A),BRANCA,DE 3 A 4.5
13441,M,49.1,SOLTEIRO(A),PARDA,DE 3 A 4.5
13441,M,59,SOLTEIRO(A),PARDA,DE 4.5 A 6
13441,F,38.9,SOLTEIRO(A),NAO DECLARADO,DE 4.5 A 6
13441,M,29,SOLTEIRO(A),AMARELA,DE 1.5 A 3
13441,M,47.4,SOLTEIRO(A),PARDA,DE 3 A 4.5
13441,F,31.7,SOLTEIRO(A),BRANCA,DE 3 A 4.5
13441,F,37.1,SOLTEIRO(A),PRETA,ATE 1.5
13441,M,33.5,SOLTEIRO(A),BRANCA,DE 3 A 4.5
13441,M,43.9,SOLTEIRO(A),AMARELA,DE 4.5 A 6
13441,M,60.6,SOLTEIRO(A),BRANCA,DE 3 A 4.5
13441,F,36,SOLTEIRO(A),PARDA,DE 6 A 10
13441,F,49,SOLTEIRO(A),PARDA,DE 3 A 4.5
13441,M,38.1,SOLTEIRO(A),BRANCA,DE 1.5 A 3
13441,M,59.1,SOLTEIRO(A),BRANCA,DE 3 A 4.5
13441,F,44,SOLTEIRO(A),PARDA,DE 1.5 A 3
13442,M,44.5,SOLTEIRO(A),PRETA,DE 1.5 A 3
13442,M,46.9,SOLTEIRO(A),PARDA,DE 3 A 4.5
13442,M,48.8,SOLTEIRO(A),NAO DECLARADO,DE 4.5 A 6
13442,M,40.1,CASADO(A),PRETA,DE 3 A 4.5
13442,M,42.1,SOLTEIRO(A),PARDA,DE 4.5 A 6
13442,M,50.4,SOLTEIRO(A),BRANCA,F
13442,M,64.5,SOLTEIRO(A),PARDA,DE 6 A 10
13442,M,57.3,SOLTEIRO(A),NAO DECLARADO,DE 1.5 A 3
13442,M,32.6,SOLTEIRO(A),BRANCA,ATE 1.5
13442,M,56.6,SOLTEIRO(A),PARDA,DE 4.5 A 6
13442,M,60.6,SOLTEIRO(A),PARDA,F
13442,M,64.2,SOLTEIRO(A),PARDA,DE 3 A 4.5
13442,M,59.2,SOLTEIRO(A),PARDA,DE 1.5 A 3
13442,M,34.9,SOLTEIRO(A),PARDA,DE 1.5 A 3
13442,M,43.8,SOLTEIRO(A),PARDA,ATE 1.5
13442,M,39,SOLTEIRO(A),BRANCA,DE 1.5 A 3
13442,M,74.7,SOLTEIRO(A),BRANCA,ACIMA DE 30
13442,M,41.4,SOLTEIRO(A),BRANCA,DE 6 A 10
13442,M,46.9,SOLTEIRO(A),BRANCA,DE 4.5 A 6
13442,M,56.4,OUTRO,BRANCA,ATE 1.5
13442,M,37.8,SOLTEIRO(A),PARDA,DE 3 A 4.5
13442,M,50.5,SOLTEIRO(A),PARDA,DE 1.5 A 3
13442,M,67.6,SOLTEIRO(A),PARDA,DE 1.5 A 3
13442,M,59.1,SOLTEIRO(A),BRANCA,DE 6 A 10
13442,M,36.3,SOLTEIRO(A),PRETA,DE 3 A 4.5
13442,M,53.9,SOLTEIRO(A),BRANCA,DE 6 A 10
13442,M,45.9,SOLTEIRO(A),BRANCA,DE 4.5 A 6
13442,M,69.1,SOLTEIRO(A),BRANCA,DE 3 A 4.5
13442,M,62.8,SOLTEIRO(A),PRETA,F
13442,M,36.5,CASADO(A),BRANCA,ATE 1.5
13442,M,59.9,SOLTEIRO(A),NAO DECLARADO,DE 1.5 A 3
13442,M,41.9,SOLTEIRO(A),BRANCA,DE 3 A 4.5
13442,M,41.4,SOLTEIRO(A),PARDA,DE 1.5 A 3
13442,F,61.7,SOLTEIRO(A),BRANCA,DE 3 A 4.5
13442,M,34.9,SOLTEIRO(A),PARDA,DE 1.5 A 3
13442,M,62.3,SOLTEIRO(A),PARDA,DE 4.5 A 6
13442,F,45.9,SOLTEIRO(A),AMARELA,DE 4.5 A 6
13442,M,43.8,SOLTEIRO(A),BRANCA,F
13442,M,67.7,CASADO(A),BRANCA,DE 1.5 A 3
13442,M,68.1,SOLTEIRO(A),PARDA,DE 1.5 A 3
13442,M,53.6,SOLTEIRO(A),BRANCA,DE 6 A 10
13442,M,51.1,SOLTEIRO(A),PRETA,DE 6 A 10
13442,M,78.1,SOLTEIRO(A),BRANCA,DE 4.5 A 6
13442,M,34.7,SOLTEIRO(A),BRANCA,DE 4.5 A 6
13442,M,67,SOLTEIRO(A),PRETA,DE 4.5 A 6
13442,M,43.9,SOLTEIRO(A),BRANCA,DE 3 A 4.5
13442,M,49.1,SOLTEIRO(A),PARDA,DE 1.5 A 3
13442,F,42.8,CASADO(A),PARDA,DE 1.5 A 3
13442,M,71.2,SOLTEIRO(A),BRANCA,DE 1.5 A 3
13442,M,18.8,SOLTEIRO(A),PARDA,DE 1.5 A 3
13442,F,48.5,SOLTEIRO(A),PARDA,DE 3 A 4.5
13442,M,31.7,SOLTEIRO(A),BRANCA,DE 3 A 4.5
13442,F,48.7,SOLTEIRO(A),BRANCA,DE 1.5 A 3
13442,M,60.1,SOLTEIRO(A),PARDA,DE 1.5 A 3
13442,M,49.5,SOLTEIRO(A),BRANCA,DE 1.5 A 3
13442,M,23.1,SOLTEIRO(A),PRETA,DE 1.5 A 3
13442,F,63.7,SOLTEIRO(A),BRANCA,DE 6 A 10
13444,F,44.4,SOLTEIRO(A),BRANCA,DE 6 A 10
13444,M,63.2,CASADO(A),PARDA,ATE 1.5
13444,M,58.7,SOLTEIRO(A),PRETA,ATE 1.5
13444,M,48.9,SOLTEIRO(A),PARDA,DE 1.5 A 3
13444,F,36.9,SOLTEIRO(A),PARDA,ATE 1.5
13444,F,60.2,SOLTEIRO(A),BRANCA,DE 3 A 4.5
13444,M,49.4,SOLTEIRO(A),BRANCA,ATE 1.5
13444,M,69.1,SOLTEIRO(A),BRANCA,ATE 1.5
13444,M,62.2,SOLTEIRO(A),BRANCA,ATE 1.5
13444,F,41.5,SOLTEIRO(A),PARDA,DE 3 A 4.5
13444,M,36.4,SOLTEIRO(A),BRANCA,DE 1.5 A 3
13444,M,40.7,SOLTEIRO(A),BRANCA,F
13444,M,43.2,SOLTEIRO(A),PARDA,DE 1.5 A 3
13444,M,41.3,SOLTEIRO(A),PARDA,DE 4.5 A 6
13444,M,57.3,SOLTEIRO(A),PARDA,DE 1.5 A 3
13444,M,46,SOLTEIRO(A),PARDA,DE 4.5 A 6
13444,F,41.6,SOLTEIRO(A),PARDA,DE 1.5 A 3
13444,M,42.1,SOLTEIRO(A),BRANCA,DE 1.5 A 3
13444,F,38.8,SOLTEIRO(A),BRANCA,DE 1.5 A 3
13444,M,43.9,SOLTEIRO(A),BRANCA,DE 6 A 10
13444,M,30.7,SOLTEIRO(A),PARDA,DE 6 A 10
13445,F,38.3,SOLTEIRO(A),BRANCA,DE 1.5 A 3
13445,F,52,SOLTEIRO(A),BRANCA,DE 1.5 A 3
13445,F,39.8,CASADO(A),PARDA,DE 1.5 A 3
13445,M,56.9,SOLTEIRO(A),BRANCA,ACIMA DE 30
13445,F,52,CASADO(A),PRETA,DE 1.5 A 3
13445,M,30.4,SOLTEIRO(A),BRANCA,ATE 1.5
13445,M,51.8,SOLTEIRO(A),BRANCA,DE 1.5 A 3
13445,M,36.8,SOLTEIRO(A),BRANCA,DE 3 A 4.5
13445,F,36.5,CASADO(A),BRANCA,DE 3 A 4.5
13445,M,45.9,SOLTEIRO(A),PARDA,DE 1.5 A 3
13445,F,46.8,SOLTEIRO(A),BRANCA,DE 1.5 A 3
13445,F,34.1,SOLTEIRO(A),NAO DECLARADO,DE 4.5 A 6
13445,F,40.7,SOLTEIRO(A),PARDA,DE 3 A 4.5
13445,M,45.2,SOLTEIRO(A),PARDA,ATE 1.5
13445,F,49.2,SOLTEIRO(A),BRANCA,ATE 1.5
13445,F,43.8,SOLTEIRO(A),PARDA,DE 3 A 4.5
13445,F,42,SOLTEIRO(A),PARDA,DE 1.5 A 3
13445,F,36.4,SOLTEIRO(A),PARDA,F
13445,M,31.1,SOLTEIRO(A),NAO DECLARADO,ATE 1.5
13445,F,45.5,SOLTEIRO(A),PARDA,ATE 1.5
13445,F,35.2,SOLTEIRO(A),PARDA,DE 1.5 A 3
13445,M,46.6,SOLTEIRO(A),BRANCA,ATE 1.5
13445,F,46.9,SOLTEIRO(A),PARDA,ATE 1.5
13445,M,44.1,SOLTEIRO(A),PARDA,ATE 1.5
13445,F,41.4,SOLTEIRO(A),PRETA,ATE 1.5
13445,F,32.7,SOLTEIRO(A),PARDA,DE 3 A 4.5
13445,F,34.8,SOLTEIRO(A),BRANCA,F
13445,F,48.4,SOLTEIRO(A),PARDA,DE 1.5 A 3
13445,M,54.4,SOLTEIRO(A),BRANCA,DE 3 A 4.5
13445,M,36.5,SOLTEIRO(A),BRANCA,DE 3 A 4.5
13445,F,38.3,SOLTEIRO(A),BRANCA,ATE 1.5
13445,F,44.7,SOLTEIRO(A),PARDA,DE 1.5 A 3
13445,M,47.5,SOLTEIRO(A),PRETA,DE 4.5 A 6
13446,M,57.4,SOLTEIRO(A),PARDA,DE 3 A 4.5
13446,M,35.7,SOLTEIRO(A),BRANCA,DE 1.5 A 3
13446,M,29.5,SOLTEIRO(A),PARDA,DE 1.5 A 3
13446,M,44,SOLTEIRO(A),PARDA,DE 1.5 A 3
13446,M,61.4,SOLTEIRO(A),NAO DECLARADO,DE 4.5 A 6
13446,F,59.9,SOLTEIRO(A),BRANCA,DE 6 A 10
13446,F,55,SOLTEIRO(A),PARDA,DE 1.5 A 3
13446,M,47.9,SOLTEIRO(A),PARDA,DE 1.5 A 3
13446,M,36.3,SOLTEIRO(A),BRANCA,DE 3 A 4.5
13446,M,62.5,SOLTEIRO(A),PARDA,F
13446,M,52.4,SOLTEIRO(A),BRANCA,DE 3 A 4.5
13446,M,37.5,SOLTEIRO(A),BRANCA,DE 3 A 4.5
13446,M,61.3,SOLTEIRO(A),BRANCA,DE 6 A 10
13446,M,71,SOLTEIRO(A),BRANCA,F
13446,M,49.6,SOLTEIRO(A),PARDA,DE 1.5 A 3
13446,M,39.2,SOLTEIRO(A),BRANCA,DE 1.5 A 3
13446,F,68.4,SOLTEIRO(A),PARDA,F
13446,M,43,SOLTEIRO(A),BRANCA,F
13446,F,77,SOLTEIRO(A),PARDA,DE 6 A 10
13446,M,69,SOLTEIRO(A),BRANCA,F
13446,M,80.8,SOLTEIRO(A),BRANCA,ATE 1.5
13446,F,37.2,SOLTEIRO(A),BRANCA,DE 1.5 A 3
13446,F,60.6,SOLTEIRO(A),PARDA,DE 3 A 4.5
13446,F,49,SOLTEIRO(A),BRANCA,DE 1.5 A 3
13446,M,46.3,SOLTEIRO(A),BRANCA,DE 6 A 10
13446,M,55,SOLTEIRO(A),PARDA,F
13446,M,43.1,SOLTEIRO(A),PARDA,DE 1.5 A 3
13446,M,59.3,SOLTEIRO(A),BRANCA,DE 1.5 A 3
13446,M,70.7,SOLTEIRO(A),PARDA,F
13446,M,42.3,SOLTEIRO(A),PARDA,DE 6 A 10
13446,F,48.6,SOLTEIRO(A),PARDA,DE 6 A 10
13446,M,57.8,SOLTEIRO(A),BRANCA,DE 6 A 10
13446,M,46.1,SOLTEIRO(A),PARDA,ATE 1.5
13446,M,43.8,SOLTEIRO(A),BRANCA,DE 3 A 4.5
13446,M,59.3,SOLTEIRO(A),BRANCA,DE 3 A 4.5
13446,F,54.3,SOLTEIRO(A),BRANCA,DE 1.5 A 3
13446,F,51.1,SOLTEIRO(A),AMARELA,DE 1.5 A 3
13446,M,50.7,SOLTEIRO(A),PRETA,DE 3 A 4.5
13446,M,55.9,SOLTEIRO(A),PARDA,DE 3 A 4.5
13446,M,45.1,SOLTEIRO(A),PARDA,ATE 1.5
13446,F,50.3,SOLTEIRO(A),BRANCA,F
13446,F,49.6,SOLTEIRO(A),BRANCA,F
13446,F,41.7,SOLTEIRO(A),PARDA,DE 1.5 A 3
13446,M,37.4,SOLTEIRO(A),BRANCA,DE 3 A 4.5
13446,F,41.8,SOLTEIRO(A),BRANCA,DE 3 A 4.5
13446,M,74.6,SOLTEIRO(A),BRANCA,ATE 1.5
13446,M,56.3,SOLTEIRO(A),BRANCA,DE 4.5 A 6
13446,M,42.3,SOLTEIRO(A),BRANCA,DE 3 A 4.5
13446,M,52.1,SOLTEIRO(A),PARDA,DE 4.5 A 6
13446,F,37.5,SOLTEIRO(A),PARDA,ATE 1.5
13446,M,73.3,SOLTEIRO(A),PARDA,DE 6 A 10
13446,M,51.7,SOLTEIRO(A),BRANCA,DE 3 A 4.5
13446,M,73.5,SOLTEIRO(A),PARDA,DE 3 A 4.5
13446,M,53.1,SOLTEIRO(A),BRANCA,DE 3 A 4.5
13446,M,50.4,SOLTEIRO(A),BRANCA,DE 3 A 4.5
13446,M,42.4,CASADO(A),PRETA,DE 4.5 A 6
13446,M,66.8,CASADO(A),PARDA,DE 1.5 A 3
13446,M,49.9,SOLTEIRO(A),PARDA,DE 3 A 4.5
13446,M,58,SOLTEIRO(A),PARDA,DE 6 A 10
13446,M,58.8,SOLTEIRO(A),PARDA,DE 4.5 A 6
13446,M,79,SOLTEIRO(A),PRETA,DE 1.5 A 3
13446,M,43.8,SOLTEIRO(A),BRANCA,F
13446,M,88.6,SOLTEIRO(A),NAO DECLARADO,F
13446,M,59.1,SOLTEIRO(A),PARDA,DE 4.5 A 6
13446,F,47.4,SOLTEIRO(A),BRANCA,DE 6 A 10
13446,M,63.1,SOLTEIRO(A),BRANCA,DE 3 A 4.5
13446,M,76.8,SOLTEIRO(A),BRANCA,F
13448,F,51,SOLTEIRO(A),PARDA,ATE 1.5
13448,F,39.8,OUTRO,PARDA,DE 3 A 4.5
13448,M,30.5,SOLTEIRO(A),BRANCA,DE 3 A 4.5
13448,M,45.5,SOLTEIRO(A),BRANCA,DE 1.5 A 3
13448,F,33.8,SOLTEIRO(A),PARDA,DE 1.5 A 3
13448,M,16.6,SOLTEIRO(A),PRETA,ATE 1.5
13448,F,42.1,CASADO(A),PARDA,ATE 1.5
13448,M,69.1,SOLTEIRO(A),BRANCA,ATE 1.5
13448,M,54.6,SOLTEIRO(A),PARDA,ATE 1.5
13448,M,59.3,SOLTEIRO(A),PARDA,ATE 1.5
13448,M,58.5,SOLTEIRO(A),BRANCA,DE 1.5 A 3
13448,M,66.8,SOLTEIRO(A),PARDA,ATE 1.5
13448,M,46.7,SOLTEIRO(A),BRANCA,ATE 1.5
13448,M,47.1,SOLTEIRO(A),PRETA,ATE 1.5
13448,M,54.8,SOLTEIRO(A),PRETA,DE 3 A 4.5
13448,F,30.4,CASADO(A),PARDA,ATE 1.5
13448,F,50.1,SOLTEIRO(A),BRANCA,ATE 1.5
13448,M,44.3,SOLTEIRO(A),PRETA,ATE 1.5
13449,M,64.7,SOLTEIRO(A),BRANCA,ATE 1.5
13449,F,41.3,SOLTEIRO(A),PRETA,DE 3 A 4.5
13449,M,21.4,CASADO(A),INDÍGENA,DE 1.5 A 3
13449,F,47.8,SOLTEIRO(A),PARDA,ATE 1.5
13449,F,62.9,SOLTEIRO(A),PARDA,ATE 1.5
13449,M,39.1,CASADO(A),PARDA,DE 1.5 A 3
13449,M,48.1,SOLTEIRO(A),PARDA,ATE 1.5
13449,M,73.4,CASADO(A),AMARELA,ATE 1.5
13449,F,59.2,CASADO(A),BRANCA,DE 1.5 A 3
13449,M,30,SOLTEIRO(A),BRANCA,ATE 1.5
13449,F,53,SOLTEIRO(A),AMARELA,DE 6 A 10
13449,F,46.9,SOLTEIRO(A),PARDA,ATE 1.5
13449,F,35.3,CASADO(A),PARDA,ATE 1.5
13449,F,48.9,SOLTEIRO(A),PARDA,ATE 1.5
13449,F,69.3,SOLTEIRO(A),PARDA,ATE 1.5
13449,M,49.3,SOLTEIRO(A),BRANCA,DE 6 A 10
13449,F,44.2,SOLTEIRO(A),PARDA,ATE 1.5
13449,M,37.9,SOLTEIRO(A),PARDA,ATE 1.5
13449,M,65.3,SOLTEIRO(A),BRANCA,DE 1.5 A 3
13449,M,75,SOLTEIRO(A),BRANCA,DE 1.5 A 3
13449,M,23.6,CASADO(A),BRANCA,DE 3 A 4.5
13449,M,52.6,SOLTEIRO(A),PARDA,ATE 1.5
13449,M,57.2,SOLTEIRO(A),PARDA,DE 3 A 4.5
13449,M,64,SOLTEIRO(A),AMARELA,DE 1.5 A 3
13449,F,51.6,SOLTEIRO(A),PRETA,ATE 1.5
13449,F,37.3,CASADO(A),BRANCA,DE 1.5 A 3
13449,F,65.5,CASADO(A),BRANCA,ATE 1.5
13449,F,29.9,SOLTEIRO(A),PARDA,DE 1.5 A 3
13449,M,67.6,SOLTEIRO(A),PRETA,DE 3 A 4.5
13449,M,47.1,SOLTEIRO(A),BRANCA,ATE 1.5
13449,F,54.2,SOLTEIRO(A),PRETA,DE 1.5 A 3
13449,M,33,CASADO(A),BRANCA,DE 4.5 A 6
13449,M,65.2,SOLTEIRO(A),BRANCA,DE 4.5 A 6
13449,F,27.7,SOLTEIRO(A),BRANCA,DE 1.5 A 3
13449,F,15.3,SOLTEIRO(A),BRANCA,DE 3 A 4.5
13449,M,41.4,SOLTEIRO(A),PRETA,DE 1.5 A 3
13449,M,31.6,SOLTEIRO(A),BRANCA,ATE 1.5
13449,M,55.4,SOLTEIRO(A),BRANCA,DE 3 A 4.5
13449,F,30.3,SOLTEIRO(A),PRETA,ATE 1.5
13449,F,49.5,SOLTEIRO(A),BRANCA,DE 3 A 4.5
13449,F,45.6,SOLTEIRO(A),NAO DECLARADO,DE 3 A 4.5
13449,F,39.5,SOLTEIRO(A),PARDA,ATE 1.5
13449,F,41.9,SOLTEIRO(A),PARDA,ATE 1.5
13449,M,49.2,SOLTEIRO(A),PARDA,DE 1.5 A 3
13449,F,34.9,CASADO(A),PARDA,DE 1.5 A 3
13449,M,47.9,SOLTEIRO(A),PARDA,ATE 1.5
13449,M,56.4,SOLTEIRO(A),BRANCA,ATE 1.5
13449,F,40,SOLTEIRO(A),PARDA,DE 1.5 A 3
13449,M,45.3,SOLTEIRO(A),BRANCA,ATE 1.5
13449,F,54.7,SOLTEIRO(A),NAO DECLARADO,ATE 1.5
13449,M,51.2,SOLTEIRO(A),BRANCA,DE 3 A 4.5
13449,F,42.2,SOLTEIRO(A),PARDA,ATE 1.5
13449,F,57.9,SOLTEIRO(A),BRANCA,DE 3 A 4.5
13449,F,51.4,SOLTEIRO(A),AMARELA,DE 1.5 A 3
13449,M,62.5,SOLTEIRO(A),BRANCA,DE 1.5 A 3
13449,F,48.6,SOLTEIRO(A),BRANCA,DE 1.5 A 3
13449,M,62.8,SOLTEIRO(A),BRANCA,ATE 1.5
13449,F,42.6,SOLTEIRO(A),PARDA,ATE 1.5
13449,M,59.2,SOLTEIRO(A),BRANCA,DE 3 A 4.5
13449,F,58.7,SOLTEIRO(A),PARDA,DE 1.5 A 3
13449,M,66.2,SOLTEIRO(A),BRANCA,F
13449,M,80.8,SOLTEIRO(A),BRANCA,DE 4.5 A 6
13449,M,47,CASADO(A),PARDA,ATE 1.5
13449,F,40.7,SOLTEIRO(A),BRANCA,ATE 1.5
13449,M,54.4,SOLTEIRO(A),BRANCA,ATE 1.5
13449,F,48.9,SOLTEIRO(A),BRANCA,ATE 1.5
13449,M,52.5,SOLTEIRO(A),BRANCA,DE 1.5 A 3
13449,M,34.5,SOLTEIRO(A),PARDA,ATE 1.5
13449,F,41.5,SOLTEIRO(A),PARDA,ATE 1.5
13449,M,45.5,CASADO(A),PARDA,DE 3 A 4.5
13449,F,64.8,SOLTEIRO(A),BRANCA,ATE 1.5
13449,M,29.9,SOLTEIRO(A),INDÍGENA,DE 1.5 A 3
13449,F,38.7,SOLTEIRO(A),BRANCA,DE 3 A 4.5
13449,F,59,SOLTEIRO(A),PARDA,ATE 1.5
13449,F,50.4,SOLTEIRO(A),PRETA,DE 1.5 A 3
13452,F,43.7,CASADO(A),BRANCA,ATE 1.5
13452,F,55.2,CASADO(A),BRANCA,ATE 1.5
13452,F,70.7,SOLTEIRO(A),BRANCA,ATE 1.5
13452,F,49.2,SOLTEIRO(A),BRANCA,ATE 1.5
13452,F,53.5,CASADO(A),AMARELA,ATE 1.5
13452,M,47.4,SOLTEIRO(A),BRANCA,ATE 1.5
13452,F,37.4,SOLTEIRO(A),AMARELA,DE 1.5 A 3
13452,F,63.3,CASADO(A),PARDA,ATE 1.5
13452,F,36.8,SOLTEIRO(A),PARDA,DE 1.5 A 3
13452,F,50.2,SOLTEIRO(A),PRETA,ATE 1.5
13452,F,38.5,SOLTEIRO(A),PARDA,ATE 1.5
13452,F,56.7,SOLTEIRO(A),PARDA,ATE 1.5
13452,F,41.6,CASADO(A),PARDA,ATE 1.5
13452,M,45.3,SOLTEIRO(A),PARDA,ATE 1.5
13452,F,60.1,SOLTEIRO(A),BRANCA,DE 3 A 4.5
13452,F,41.6,SOLTEIRO(A),PRETA,ATE 1.5
13452,F,61.9,SOLTEIRO(A),PARDA,ATE 1.5
13452,F,60.7,SOLTEIRO(A),PARDA,ATE 1.5
13452,F,60.7,CASADO(A),PARDA,ATE 1.5
13452,F,62.4,CASADO(A),AMARELA,DE 1.5 A 3
13452,F,41.2,CASADO(A),AMARELA,ATE 1.5
13452,F,74.3,CASADO(A),BRANCA,DE 4.5 A 6
13452,F,63.8,SOLTEIRO(A),BRANCA,DE 3 A 4.5
13452,F,54.7,CASADO(A),PARDA,ATE 1.5
13452,F,64.6,SOLTEIRO(A),BRANCA,DE 1.5 A 3
13452,F,78.1,SOLTEIRO(A),BRANCA,ATE 1.5
13452,F,63.5,SOLTEIRO(A),PARDA,ATE 1.5
13452,F,61,CASADO(A),PARDA,ATE 1.5
13452,F,21,SOLTEIRO(A),BRANCA,ATE 1.5
13456,F,37.3,SOLTEIRO(A),PARDA,ATE 1.5
13456,F,33.9,SOLTEIRO(A),BRANCA,ATE 1.5
13456,M,40.8,SOLTEIRO(A),PARDA,ATE 1.5
13456,F,39.5,SOLTEIRO(A),BRANCA,ATE 1.5
13456,M,55.1,SOLTEIRO(A),PARDA,DE 1.5 A 3
13456,M,33.1,SOLTEIRO(A),BRANCA,DE 1.5 A 3
13456,F,58.8,SOLTEIRO(A),BRANCA,DE 3 A 4.5
13456,M,37.3,SOLTEIRO(A),PARDA,DE 4.5 A 6
13456,F,33,SOLTEIRO(A),PARDA,ATE 1.5
13456,F,52.8,SOLTEIRO(A),PARDA,ATE 1.5
13456,M,32.8,SOLTEIRO(A),PARDA,DE 1.5 A 3
13456,M,56.5,SOLTEIRO(A),BRANCA,DE 1.5 A 3
13456,M,46,SOLTEIRO(A),PRETA,DE 3 A 4.5
13456,F,37.5,SOLTEIRO(A),PARDA,DE 1.5 A 3
13456,M,45,CASADO(A),BRANCA,ATE 1.5
13456,F,50.4,SOLTEIRO(A),PARDA,DE 1.5 A 3
13456,F,44,SOLTEIRO(A),PARDA,DE 3 A 4.5
13456,F,40.1,SOLTEIRO(A),PARDA,DE 1.5 A 3
13456,M,50,SOLTEIRO(A),BRANCA,ATE 1.5
13456,M,47.1,SOLTEIRO(A),BRANCA,DE 1.5 A 3
13456,M,49.6,SOLTEIRO(A),BRANCA,ATE 1.5
79570,F,54.5,SOLTEIRO(A),BRANCA,ATE 1.5
79570,F,24,SOLTEIRO(A),BRANCA,ATE 1.5
79570,M,48.1,SOLTEIRO(A),PARDA,ATE 1.5
79570,M,30.7,SOLTEIRO(A),BRANCA,F
79570,F,56.8,SOLTEIRO(A),PARDA,DE 1.5 A 3
79570,F,44.2,SOLTEIRO(A),BRANCA,DE 1.5 A 3
79570,M,28.5,SOLTEIRO(A),BRANCA,ATE 1.5
79570,F,39.1,SOLTEIRO(A),BRANCA,DE 1.5 A 3
79570,M,41.8,SOLTEIRO(A),PARDA,DE 1.5 A 3
79570,F,33.9,SOLTEIRO(A),PARDA,DE 1.5 A 3
79570,M,58.3,SOLTEIRO(A),PARDA,DE 4.5 A 6
79570,M,45.4,SOLTEIRO(A),BRANCA,DE 1.5 A 3
79570,M,53.1,SOLTEIRO(A),PARDA,DE 3 A 4.5
79570,F,42.7,SOLTEIRO(A),BRANCA,DE 6 A 10
79570,F,44.9,CASADO(A),PARDA,DE 1.5 A 3
79570,M,69.2,SOLTEIRO(A),PARDA,DE 1.5 A 3
79570,F,27.8,SOLTEIRO(A),BRANCA,ATE 1.5
79570,F,36.3,SOLTEIRO(A),BRANCA,DE 3 A 4.5
79570,F,46.2,SOLTEIRO(A),PARDA,DE 1.5 A 3
79570,F,55.6,SOLTEIRO(A),BRANCA,DE 3 A 4.5
79570,F,55.8,SOLTEIRO(A),PARDA,F
79570,M,19.1,CASADO(A),PARDA,ATE 1.5
79570,F,55.9,SOLTEIRO(A),PARDA,ATE 1.5
79570,F,46.7,SOLTEIRO(A),BRANCA,DE 1.5 A 3
79570,F,27.3,SOLTEIRO(A),BRANCA,DE 6 A 10
79570,F,51.4,SOLTEIRO(A),PRETA,ACIMA DE 30
79570,F,51.1,SOLTEIRO(A),BRANCA,ACIMA DE 30
79570,F,41.6,CASADO(A),BRANCA,DE 1.5 A 3
79570,F,49.1,SOLTEIRO(A),BRANCA,DE 1.5 A 3
79570,M,48.4,SOLTEIRO(A),PARDA,DE 6 A 10
79570,F,45.7,SOLTEIRO(A),PRETA,DE 6 A 10
79570,F,52.5,SOLTEIRO(A),BRANCA,ATE 1.5
79570,F,46.4,SOLTEIRO(A),BRANCA,ATE 1.5
79570,M,25.8,SOLTEIRO(A),AMARELA,DE 1.5 A 3
79570,M,43.1,SOLTEIRO(A),PARDA,DE 1.5 A 3
79570,F,55.3,SOLTEIRO(A),PRETA,DE 3 A 4.5
79570,F,63,SOLTEIRO(A),PARDA,ATE 1.5
79570,F,48.5,SOLTEIRO(A),AMARELA,DE 1.5 A 3
79570,M,25.5,SOLTEIRO(A),BRANCA,DE 1.5 A 3
79570,F,55.6,SOLTEIRO(A),PARDA,ATE 1.5
79570,F,52.5,SOLTEIRO(A),BRANCA,DE 3 A 4.5
79570,M,32.8,SOLTEIRO(A),PARDA,DE 4.5 A 6
79570,M,56.6,SOLTEIRO(A),BRANCA,DE 1.5 A 3
79570,M,33.5,CASADO(A),AMARELA,ATE 1.5
79570,M,48.4,SOLTEIRO(A),PRETA,DE 3 A 4.5
79570,M,27.8,CASADO(A),BRANCA,DE 1.5 A 3
79570,F,51.6,SOLTEIRO(A),PARDA,DE 3 A 4.5
79570,F,27.4,SOLTEIRO(A),BRANCA,ATE 1.5
79570,F,22.3,SOLTEIRO(A),AMARELA,ATE 1.5
79570,F,50.6,SOLTEIRO(A),PARDA,DE 1.5 A 3
79570,M,52.5,SOLTEIRO(A),BRANCA,F
79570,M,29.1,SOLTEIRO(A),BRANCA,DE 1.5 A 3
79570,F,40.4,SOLTEIRO(A),BRANCA,ATE 1.5
99802,F,49.8,SOLTEIRO(A),BRANCA,ATE 1.5
99802,F,36.9,SOLTEIRO(A),PARDA,DE 1.5 A 3
99802,F,49.4,SOLTEIRO(A),PARDA,ATE 1.5
99802,M,38.8,SOLTEIRO(A),PARDA,DE 1.5 A 3
99802,M,70.4,SOLTEIRO(A),BRANCA,DE 3 A 4.5
99802,M,40.6,SOLTEIRO(A),NAO DECLARADO,ATE 1.5
99802,F,53.9,SOLTEIRO(A),PARDA,DE 1.5 A 3
99802,F,39.9,SOLTEIRO(A),BRANCA,ATE 1.5
99802,F,34.4,SOLTEIRO(A),BRANCA,ATE 1.5
99802,M,60.8,SOLTEIRO(A),PRETA,ATE 1.5
99802,F,29.1,SOLTEIRO(A),BRANCA,ATE 1.5
99802,M,34.3,OUTRO,BRANCA,ATE 1.5
99802,F,46.8,SOLTEIRO(A),BRANCA,DE 1.5 A 3
99802,M,36,SOLTEIRO(A),PARDA,ATE 1.5
99802,M,32.1,SOLTEIRO(A),BRANCA,ATE 1.5
99802,F,28.7,SOLTEIRO(A),BRANCA,DE 1.5 A 3
99802,F,39.2,SOLTEIRO(A),BRANCA,ATE 1.5
99802,F,54.9,SOLTEIRO(A),AMARELA,DE 3 A 4.5
99802,M,35.4,SOLTEIRO(A),PARDA,ATE 1.5
99802,M,60,SOLTEIRO(A),AMARELA,ATE 1.5
99802,F,54,SOLTEIRO(A),BRANCA,ATE 1.5
99802,F,54.4,SOLTEIRO(A),BRANCA,DE 3 A 4.5
99802,M,20,SOLTEIRO(A),BRANCA,DE 1.5 A 3
99802,F,45.2,SOLTEIRO(A),BRANCA,ATE 1.5
99802,M,42.8,SOLTEIRO(A),PARDA,DE 1.5 A 3
99802,F,47,SOLTEIRO(A),PARDA,DE 1.5 A 3
99802,F,38.2,CASADO(A),BRANCA,ATE 1.5
99802,F,46.5,SOLTEIRO(A),BRANCA,DE 1.5 A 3
99802,M,65,CASADO(A),PARDA,DE 1.5 A 3
99802,F,38.3,CASADO(A),BRANCA,DE 3 A 4.5
99802,F,40.6,SOLTEIRO(A),BRANCA,ATE 1.5
99802,F,32.1,SOLTEIRO(A),BRANCA,DE 1.5 A 3
99802,M,34.3,SOLTEIRO(A),PARDA,ATE 1.5
99802,F,53.3,SOLTEIRO(A),PARDA,DE 1.5 A 3
99802,F,31.7,SOLTEIRO(A),PARDA,ATE 1.5
99804,F,49.8,SOLTEIRO(A),INDÍGENA,ATE 1.5
99804,F,35.6,SOLTEIRO(A),PARDA,ATE 1.5
99804,M,69.5,SOLTEIRO(A),PARDA,ATE 1.5
99804,F,51.1,SOLTEIRO(A),BRANCA,ATE 1.5
99804,M,46.8,CASADO(A),PARDA,ATE 1.5
99804,M,35.5,SOLTEIRO(A),BRANCA,ATE 1.5
99804,F,42.8,SOLTEIRO(A),BRANCA,ATE 1.5
99804,F,33.4,SOLTEIRO(A),PARDA,ATE 1.5
99804,F,35.6,SOLTEIRO(A),BRANCA,DE 1.5 A 3
99804,F,55.7,SOLTEIRO(A),BRANCA,DE 1.5 A 3
99804,M,54.3,SOLTEIRO(A),PARDA,ATE 1.5
99804,M,66.3,OUTRO,PARDA,ATE 1.5
99804,F,37.4,SOLTEIRO(A),PARDA,ATE 1.5
99804,M,59.1,SOLTEIRO(A),BRANCA,ATE 1.5
99804,M,37.6,SOLTEIRO(A),PARDA,ATE 1.5
99804,M,40.5,SOLTEIRO(A),BRANCA,DE 3 A 4.5
99804,F,55.6,CASADO(A),PARDA,ATE 1.5
99804,F,54.8,SOLTEIRO(A),PARDA,ATE 1.5
99804,M,50.1,SOLTEIRO(A),PARDA,ATE 1.5
99804,M,42.9,SOLTEIRO(A),BRANCA,ATE 1.5
99804,F,44.6,SOLTEIRO(A),BRANCA,ATE 1.5
99804,M,39.7,SOLTEIRO(A),PARDA,DE 1.5 A 3
99804,F,38.7,SOLTEIRO(A),PARDA,ATE 1.5
99804,F,47.4,SOLTEIRO(A),PARDA,ATE 1.5
99804,F,32.2,SOLTEIRO(A),PARDA,ATE 1.5
99804,F,51.3,SOLTEIRO(A),PARDA,ATE 1.5
99804,F,66,SOLTEIRO(A),BRANCA,DE 1.5 A 3
99804,F,46.7,SOLTEIRO(A),BRANCA,DE 1.5 A 3
99804,F,56.8,SOLTEIRO(A),PARDA,ATE 1.5
99804,M,53.5,CASADO(A),PARDA,DE 1.5 A 3
99804,M,41.9,SOLTEIRO(A),NAO DECLARADO,ATE 1.5
99804,F,52.2,SOLTEIRO(A),BRANCA,ATE 1.5
99804,F,69,SOLTEIRO(A),PARDA,ATE 1.5
99804,F,34.1,SOLTEIRO(A),BRANCA,ATE 1.5
99804,M,48.4,SOLTEIRO(A),PARDA,ATE 1.5
99804,F,39.7,SOLTEIRO(A),PARDA,ATE 1.5
99804,F,35.4,SOLTEIRO(A),PARDA,DE 1.5 A 3
99804,F,46.1,SOLTEIRO(A),PARDA,ATE 1.5
99804,F,38.5,CASADO(A),PARDA,ATE 1.5
99804,F,49.4,SOLTEIRO(A),PARDA,ATE 1.5
99804,M,30.7,SOLTEIRO(A),PARDA,DE 1.5 A 3
99804,M,43.4,SOLTEIRO(A),PARDA,DE 1.5 A 3
99804,F,39.7,SOLTEIRO(A),PARDA,ATE 1.5
99804,M,39.6,CASADO(A),PARDA,DE 1.5 A 3
99804,F,59.4,CASADO(A),PARDA,ATE 1.5
99804,M,42.3,SOLTEIRO(A),BRANCA,DE 1.5 A 3
99804,F,43,SOLTEIRO(A),PARDA,ATE 1.5
99804,M,50.8,SOLTEIRO(A),PARDA,ATE 1.5
99804,F,33.5,SOLTEIRO(A),PARDA,ATE 1.5
99804,F,33.6,SOLTEIRO(A),PARDA,ATE 1.5
99804,M,60.3,CASADO(A),PRETA,ATE 1.5
99804,M,51,SOLTEIRO(A),BRANCA,ATE 1.5
99804,M,36.3,SOLTEIRO(A),PARDA,ATE 1.5
99804,M,43.9,SOLTEIRO(A),BRANCA,ATE 1.5
99806,F,23.8,CASADO(A),BRANCA,DE 1.5 A 3
99806,M,46,CASADO(A),PARDA,DE 1.5 A 3
99806,M,18.4,CASADO(A),PARDA,DE 1.5 A 3
99806,M,39.4,SOLTEIRO(A),PARDA,DE 1.5 A 3
99806,M,56.9,SOLTEIRO(A),PARDA,ATE 1.5
99806,F,29.3,SOLTEIRO(A),PARDA,ATE 1.5
99806,F,61.3,SOLTEIRO(A),PARDA,DE 1.5 A 3
99806,F,32.9,SOLTEIRO(A),BRANCA,ATE 1.5
99806,F,36.4,SOLTEIRO(A),BRANCA,ATE 1.5
99806,M,53.4,SOLTEIRO(A),PARDA,ATE 1.5
99806,F,35.3,SOLTEIRO(A),PARDA,ATE 1.5
99808,M,23.9,CASADO(A),PARDA,ATE 1.5
99808,F,32.3,SOLTEIRO(A),BRANCA,DE 4.5 A 6
99808,F,40.4,SOLTEIRO(A),BRANCA,DE 1.5 A 3
99808,M,43.8,SOLTEIRO(A),PARDA,ATE 1.5
99808,F,33.7,OUTRO,PARDA,DE 1.5 A 3
99808,F,34,SOLTEIRO(A),PARDA,ATE 1.5
99808,F,32.2,CASADO(A),BRANCA,ATE 1.5
99808,F,37.1,CASADO(A),BRANCA,DE 3 A 4.5
99808,M,33.3,SOLTEIRO(A),BRANCA,ATE 1.5
99808,M,49.4,SOLTEIRO(A),PARDA,DE 1.5 A 3
99808,F,28.1,SOLTEIRO(A),PARDA,ATE 1.5
99808,M,39.8,SOLTEIRO(A),PARDA,ATE 1.5
99808,F,42.5,SOLTEIRO(A),PARDA,ATE 1.5
99808,M,42.8,SOLTEIRO(A),BRANCA,DE 1.5 A 3
99808,M,45.7,SOLTEIRO(A),PARDA,ATE 1.5
99808,M,43.9,SOLTEIRO(A),PARDA,ATE 1.5
99808,F,29.7,SOLTEIRO(A),PARDA,ATE 1.5
99808,M,38.8,SOLTEIRO(A),PRETA,ATE 1.5
99808,F,32.1,SOLTEIRO(A),PARDA,ATE 1.5
99808,F,32.3,SOLTEIRO(A),PARDA,ATE 1.5
99808,M,25.9,SOLTEIRO(A),BRANCA,ATE 1.5
99808,M,37.3,SOLTEIRO(A),AMARELA,ATE 1.5
99808,M,35.5,SOLTEIRO(A),NAO DECLARADO,ATE 1.5
99808,M,29.9,SOLTEIRO(A),BRANCA,ATE 1.5
99808,M,43.1,SOLTEIRO(A),PARDA,DE 1.5 A 3
99810,M,48.2,SOLTEIRO(A),BRANCA,DE 1.5 A 3
99810,M,47.5,SOLTEIRO(A),PARDA,DE 1.5 A 3
99810,M,36.1,SOLTEIRO(A),BRANCA,ATE 1.5
99810,F,38.1,SOLTEIRO(A),PARDA,ATE 1.5
99810,M,46.4,SOLTEIRO(A),PARDA,ATE 1.5
99810,F,37.2,SOLTEIRO(A),PARDA,ATE 1.5
99810,M,29.5,SOLTEIRO(A),BRANCA,DE 1.5 A 3
99810,M,32.4,SOLTEIRO(A),PRETA,DE 1.5 A 3
99810,M,32.8,SOLTEIRO(A),PARDA,ATE 1.5
99810,M,35.6,SOLTEIRO(A),PRETA,DE 1.5 A 3
99810,M,40.9,CASADO(A),PARDA,DE 1.5 A 3
99810,M,25.9,SOLTEIRO(A),BRANCA,ATE 1.5
99810,F,39.7,CASADO(A),PARDA,ATE 1.5
99810,M,41.5,SEPARADO(A),PARDA,ATE 1.5
99810,M,43.2,OUTRO,PARDA,DE 1.5 A 3
112282,M,56.8,SOLTEIRO(A),PARDA,DE 1.5 A 3
112282,M,44.6,SOLTEIRO(A),PARDA,DE 6 A 10
112282,F,44,SOLTEIRO(A),PARDA,DE 1.5 A 3
112282,M,51.4,SOLTEIRO(A),PARDA,ATE 1.5
112282,F,46,SOLTEIRO(A),PARDA,ATE 1.5
112282,F,44.9,SEPARADO(A),PARDA,DE 1.5 A 3
112282,F,45.2,SOLTEIRO(A),PARDA,ATE 1.5
112282,F,39.2,SOLTEIRO(A),PARDA,DE 3 A 4.5
112282,M,43.6,SOLTEIRO(A),PARDA,DE 4.5 A 6
112282,F,41.7,SOLTEIRO(A),BRANCA,ATE 1.5
112282,F,49.3,CASADO(A),AMARELA,ATE 1.5
112282,M,55.1,SOLTEIRO(A),BRANCA,ATE 1.5
112282,M,33.1,OUTRO,PARDA,ATE 1.5
112282,F,28.3,SOLTEIRO(A),BRANCA,DE 4.5 A 6
112282,F,46.6,SOLTEIRO(A),PARDA,ATE 1.5
112282,M,42.6,CASADO(A),PARDA,DE 1.5 A 3
112282,M,59.7,SOLTEIRO(A),BRANCA,ATE 1.5
112282,F,48.4,SOLTEIRO(A),BRANCA,ATE 1.5
112282,M,34.6,CASADO(A),BRANCA,ATE 1.5
112282,M,30.1,SOLTEIRO(A),PARDA,ATE 1.5
112282,M,43.3,SOLTEIRO(A),PRETA,DE 1.5 A 3
112282,F,53.6,SOLTEIRO(A),PARDA,ATE 1.5
112282,F,33,SOLTEIRO(A),BRANCA,DE 3 A 4.5
112282,M,41.2,SOLTEIRO(A),NAO DECLARADO,DE 1.5 A 3
112282,M,51.6,SOLTEIRO(A),BRANCA,DE 1.5 A 3
112282,M,54.5,SOLTEIRO(A),PRETA,ATE 1.5
112282,F,43.3,SOLTEIRO(A),PARDA,ATE 1.5
112282,F,38.8,SOLTEIRO(A),PARDA,ATE 1.5
112282,F,58.3,SOLTEIRO(A),PARDA,DE 1.5 A 3
112282,F,48.7,SOLTEIRO(A),BRANCA,DE 1.5 A 3
112282,M,53.6,SOLTEIRO(A),BRANCA,DE 3 A 4.5
112282,F,58.5,SOLTEIRO(A),PARDA,ATE 1.5
112282,M,48.8,SOLTEIRO(A),PARDA,ATE 1.5
112282,F,59.5,SOLTEIRO(A),PARDA,ATE 1.5
112282,M,54,SOLTEIRO(A),PRETA,ATE 1.5
112282,M,30,SEPARADO(A),PARDA,ATE 1.5
112282,F,47.8,SOLTEIRO(A),BRANCA,DE 3 A 4.5
112282,F,37.9,SOLTEIRO(A),BRANCA,DE 1.5 A 3
112282,F,35.8,SOLTEIRO(A),PRETA,DE 1.5 A 3
112282,M,53.2,SOLTEIRO(A),BRANCA,ATE 1.5
112282,M,55.3,SOLTEIRO(A),BRANCA,ATE 1.5
112282,F,55.3,SOLTEIRO(A),PARDA,ATE 1.5
112282,F,56.6,SOLTEIRO(A),PARDA,DE 1.5 A 3
112282,M,29.3,SOLTEIRO(A),PARDA,ATE 1.5
112282,F,56.8,CASADO(A),PARDA,DE 1.5 A 3
112282,M,36,SOLTEIRO(A),PARDA,DE 1.5 A 3
112282,M,28.9,SOLTEIRO(A),BRANCA,DE 1.5 A 3
112282,F,33.1,NA,NA,NA
112282,M,42.9,SOLTEIRO(A),BRANCA,ATE 1.5
112294,M,37.4,SOLTEIRO(A),BRANCA,ATE 1.5
112294,F,33.2,SOLTEIRO(A),AMARELA,ATE 1.5
112294,F,48.4,SOLTEIRO(A),BRANCA,DE 1.5 A 3
112294,M,26.2,SOLTEIRO(A),PARDA,ATE 1.5
112294,F,44.8,SOLTEIRO(A),BRANCA,DE 1.5 A 3
112294,F,26,SOLTEIRO(A),PARDA,ATE 1.5
112294,M,48.2,OUTRO,PARDA,ATE 1.5
112294,F,32.9,SOLTEIRO(A),PARDA,ATE 1.5
112294,F,22.4,SOLTEIRO(A),PARDA,ATE 1.5
112294,F,38.8,SOLTEIRO(A),PARDA,ATE 1.5
112294,M,36.3,SOLTEIRO(A),PRETA,DE 1.5 A 3
112294,F,24.7,SOLTEIRO(A),PARDA,ATE 1.5
112294,F,43.2,SOLTEIRO(A),AMARELA,ATE 1.5
112294,F,43.6,SOLTEIRO(A),BRANCA,ATE 1.5
112294,F,36.1,SOLTEIRO(A),PARDA,ATE 1.5
112294,F,26.2,CASADO(A),PARDA,ATE 1.5
112294,F,33.1,SOLTEIRO(A),BRANCA,DE 1.5 A 3
112294,F,46.8,SOLTEIRO(A),BRANCA,DE 1.5 A 3
112294,F,24.3,SOLTEIRO(A),BRANCA,DE 1.5 A 3
112294,F,30.8,SOLTEIRO(A),PARDA,ATE 1.5
112294,F,28.6,SOLTEIRO(A),PARDA,ATE 1.5
112294,F,23.6,SOLTEIRO(A),PARDA,DE 1.5 A 3
112294,M,53.8,SOLTEIRO(A),BRANCA,DE 1.5 A 3
112294,F,13.4,SEPARADO(A),BRANCA,ATE 1.5
112294,F,24,SOLTEIRO(A),BRANCA,ATE 1.5
112294,F,23.4,CASADO(A),PARDA,ATE 1.5
112294,M,29.1,SOLTEIRO(A),BRANCA,DE 1.5 A 3
112294,M,44,SOLTEIRO(A),BRANCA,ATE 1.5
112294,F,26.4,SOLTEIRO(A),PRETA,DE 3 A 4.5
112294,M,42.9,SOLTEIRO(A),PARDA,DE 3 A 4.5
112294,M,47.2,SOLTEIRO(A),PARDA,ATE 1.5
112294,F,27,SOLTEIRO(A),PARDA,DE 1.5 A 3
112294,F,37.2,SOLTEIRO(A),BRANCA,DE 6 A 10
112294,F,44.3,SOLTEIRO(A),AMARELA,ATE 1.5
112294,F,32.4,SOLTEIRO(A),PARDA,ATE 1.5
112294,M,26.9,SOLTEIRO(A),PARDA,DE 1.5 A 3
112294,M,45.3,SOLTEIRO(A),BRANCA,ATE 1.5
112294,F,55.7,SOLTEIRO(A),PARDA,DE 1.5 A 3
112294,M,43.7,SOLTEIRO(A),NAO DECLARADO,DE 1.5 A 3
112294,F,42.6,SOLTEIRO(A),PARDA,ATE 1.5
112294,M,27.9,SOLTEIRO(A),BRANCA,ATE 1.5
112294,F,30.7,SOLTEIRO(A),PARDA,ATE 1.5
112294,M,28,SOLTEIRO(A),BRANCA,DE 1.5 A 3
112294,F,54,SOLTEIRO(A),PARDA,ATE 1.5
112294,M,26.1,SOLTEIRO(A),BRANCA,DE 1.5 A 3
118550,M,66.4,SOLTEIRO(A),BRANCA,ATE 1.5
118550,F,27.3,SOLTEIRO(A),BRANCA,DE 1.5 A 3
118550,F,27,SOLTEIRO(A),BRANCA,DE 1.5 A 3
118550,F,52.2,OUTRO,BRANCA,DE 4.5 A 6
118550,M,54.2,SOLTEIRO(A),PARDA,ATE 1.5
118550,M,16.4,SOLTEIRO(A),BRANCA,ATE 1.5
118550,F,50.7,CASADO(A),PARDA,DE 3 A 4.5
118550,F,35.9,SOLTEIRO(A),BRANCA,DE 1.5 A 3
118550,F,53.1,SOLTEIRO(A),PARDA,DE 1.5 A 3
118550,F,37.4,SOLTEIRO(A),AMARELA,DE 1.5 A 3
118550,F,41.2,SOLTEIRO(A),BRANCA,DE 1.5 A 3
118550,M,34.2,SOLTEIRO(A),BRANCA,DE 6 A 10
118550,F,37.1,SOLTEIRO(A),PARDA,ATE 1.5
118550,F,43.4,SOLTEIRO(A),PARDA,ATE 1.5
118550,M,34.1,SOLTEIRO(A),PARDA,ATE 1.5
118550,F,42.7,SOLTEIRO(A),BRANCA,DE 3 A 4.5
118550,F,56.3,SOLTEIRO(A),BRANCA,DE 3 A 4.5
118562,M,52.4,SOLTEIRO(A),BRANCA,ATE 1.5
118562,F,36.1,SOLTEIRO(A),PARDA,DE 3 A 4.5
118562,F,48.1,SOLTEIRO(A),PARDA,DE 1.5 A 3
118562,M,27.7,SOLTEIRO(A),PRETA,DE 4.5 A 6
118562,F,49.4,SOLTEIRO(A),PARDA,DE 1.5 A 3
118562,F,49.6,SOLTEIRO(A),PARDA,DE 1.5 A 3
118562,F,41.9,SOLTEIRO(A),BRANCA,F
118562,M,63.1,SOLTEIRO(A),BRANCA,DE 4.5 A 6
118562,M,41.5,SOLTEIRO(A),BRANCA,DE 6 A 10
118562,M,22.7,SOLTEIRO(A),PARDA,DE 6 A 10
118562,F,45.9,SOLTEIRO(A),PARDA,DE 1.5 A 3
118562,F,53.1,SOLTEIRO(A),BRANCA,DE 3 A 4.5
118562,M,53.2,SOLTEIRO(A),BRANCA,DE 3 A 4.5
118562,F,45.1,SOLTEIRO(A),PRETA,F
118562,F,41.8,SOLTEIRO(A),PRETA,DE 6 A 10
118562,M,28.5,SOLTEIRO(A),PARDA,ATE 1.5
118562,F,38.1,SOLTEIRO(A),PARDA,DE 4.5 A 6
118562,M,58.3,SOLTEIRO(A),BRANCA,DE 6 A 10
118562,F,33.3,SOLTEIRO(A),NAO DECLARADO,DE 4.5 A 6
118562,F,48.1,SOLTEIRO(A),PARDA,DE 6 A 10
118562,M,47.4,SOLTEIRO(A),BRANCA,DE 3 A 4.5
118562,F,37.8,SOLTEIRO(A),PARDA,DE 3 A 4.5
118562,M,44.1,SOLTEIRO(A),PARDA,DE 6 A 10
118562,M,57.1,SOLTEIRO(A),PARDA,DE 1.5 A 3
118562,M,68.5,SOLTEIRO(A),BRANCA,ATE 1.5
118562,M,55.3,SOLTEIRO(A),BRANCA,DE 6 A 10
118562,M,47.9,SOLTEIRO(A),PRETA,DE 4.5 A 6
118562,F,42.6,SOLTEIRO(A),BRANCA,DE 3 A 4.5
118562,M,43.9,SOLTEIRO(A),BRANCA,DE 3 A 4.5
118562,F,39.2,SOLTEIRO(A),PARDA,DE 1.5 A 3
118562,F,46.3,SOLTEIRO(A),PARDA,DE 6 A 10
118562,F,41.7,SOLTEIRO(A),BRANCA,ATE 1.5
118630,M,45,CASADO(A),PARDA,ATE 1.5
118630,M,35,CASADO(A),BRANCA,DE 3 A 4.5
118630,M,54.9,OUTRO,PRETA,DE 1.5 A 3
118630,M,44.9,SOLTEIRO(A),NAO DECLARADO,DE 1.5 A 3
118630,M,49.4,CASADO(A),PARDA,ATE 1.5
118630,M,39.8,SOLTEIRO(A),PARDA,DE 3 A 4.5
118630,M,34.1,SOLTEIRO(A),PRETA,DE 1.5 A 3
118630,M,47.4,SOLTEIRO(A),BRANCA,DE 1.5 A 3
118630,M,46.2,SOLTEIRO(A),PRETA,ATE 1.5
118630,F,52.1,SOLTEIRO(A),PARDA,ATE 1.5
118630,M,47.4,CASADO(A),PARDA,DE 1.5 A 3
118630,M,49.3,CASADO(A),PARDA,DE 1.5 A 3
118630,M,30.4,CASADO(A),BRANCA,DE 1.5 A 3
118630,F,44.3,SOLTEIRO(A),BRANCA,DE 3 A 4.5
118630,M,39.5,SOLTEIRO(A),BRANCA,DE 1.5 A 3
118630,F,35,SOLTEIRO(A),PARDA,ATE 1.5
118630,M,59,SOLTEIRO(A),PRETA,ATE 1.5
118630,M,31.5,SOLTEIRO(A),PARDA,ATE 1.5
118630,M,54.7,SOLTEIRO(A),PARDA,ATE 1.5
120777,M,43,CASADO(A),PARDA,DE 1.5 A 3
120777,M,57.8,SOLTEIRO(A),PARDA,DE 1.5 A 3
120777,F,60.8,SOLTEIRO(A),PARDA,DE 1.5 A 3
120777,F,44.2,SOLTEIRO(A),AMARELA,ATE 1.5
120777,M,65.3,SOLTEIRO(A),PARDA,DE 1.5 A 3
120777,M,43.1,CASADO(A),PRETA,ATE 1.5
120777,F,49.2,SOLTEIRO(A),BRANCA,DE 1.5 A 3
120777,F,39.1,CASADO(A),PARDA,ATE 1.5
120777,F,50.6,VIUVO(A),PRETA,ATE 1.5
120777,M,64.4,SOLTEIRO(A),PARDA,ATE 1.5
120777,F,43.4,CASADO(A),BRANCA,ATE 1.5
120777,M,49.2,SOLTEIRO(A),PARDA,DE 1.5 A 3
120777,F,34.9,SOLTEIRO(A),BRANCA,ATE 1.5
120777,F,46.5,SOLTEIRO(A),BRANCA,ATE 1.5
120777,M,63.1,CASADO(A),PARDA,ATE 1.5
120777,F,48.1,SOLTEIRO(A),PARDA,ATE 1.5
120777,M,60.4,SOLTEIRO(A),PARDA,ATE 1.5
120777,M,22.8,CASADO(A),PARDA,ATE 1.5
120777,F,34.4,SEPARADO(A),PRETA,ATE 1.5
120777,M,49.6,SOLTEIRO(A),PARDA,ATE 1.5
120777,M,43.6,SOLTEIRO(A),PRETA,DE 4.5 A 6
120777,F,36.7,SOLTEIRO(A),AMARELA,ATE 1.5
120777,F,44.3,SOLTEIRO(A),PARDA,ATE 1.5
120777,M,61.5,SOLTEIRO(A),BRANCA,DE 1.5 A 3
120777,F,43.3,SOLTEIRO(A),PRETA,ATE 1.5
120777,M,46.8,SOLTEIRO(A),AMARELA,DE 4.5 A 6
120777,M,40.7,SOLTEIRO(A),PARDA,ATE 1.5
120777,M,59.2,SOLTEIRO(A),PARDA,DE 3 A 4.5
120777,M,27.1,SOLTEIRO(A),BRANCA,DE 1.5 A 3
120777,M,74.6,SOLTEIRO(A),PARDA,ATE 1.5
120777,F,57.2,SOLTEIRO(A),BRANCA,ATE 1.5
120777,F,35.8,CASADO(A),PARDA,ATE 1.5
120777,F,52.4,SOLTEIRO(A),PARDA,ATE 1.5
120777,M,45.5,OUTRO,BRANCA,ATE 1.5
120777,M,73.3,SOLTEIRO(A),PARDA,ATE 1.5
120777,F,73.9,SOLTEIRO(A),PARDA,ATE 1.5
120777,M,42.3,SOLTEIRO(A),BRANCA,ATE 1.5
120777,M,45.1,SOLTEIRO(A),PRETA,ATE 1.5
120777,M,59.5,SOLTEIRO(A),PARDA,ATE 1.5
120777,F,48.9,SOLTEIRO(A),PARDA,ATE 1.5
120777,F,46.1,SOLTEIRO(A),BRANCA,ATE 1.5
120777,M,43.2,SOLTEIRO(A),BRANCA,ATE 1.5
120777,M,42.8,SOLTEIRO(A),BRANCA,ATE 1.5
120777,F,37.3,SOLTEIRO(A),PARDA,ATE 1.5
120777,F,62.6,SOLTEIRO(A),PARDA,DE 1.5 A 3
120777,M,42,SOLTEIRO(A),PARDA,ATE 1.5
120777,F,27.1,SOLTEIRO(A),BRANCA,ATE 1.5
120777,F,45.6,SOLTEIRO(A),PRETA,DE 1.5 A 3
120777,F,29.7,SOLTEIRO(A),PARDA,ATE 1.5
120777,F,53,SOLTEIRO(A),BRANCA,ATE 1.5
120777,M,63.8,SOLTEIRO(A),PARDA,ATE 1.5
120777,M,56.3,SOLTEIRO(A),PARDA,DE 1.5 A 3
120777,F,49.1,SOLTEIRO(A),PARDA,ATE 1.5
120777,F,47.5,SOLTEIRO(A),PARDA,DE 1.5 A 3
120777,F,65.8,SOLTEIRO(A),PARDA,DE 1.5 A 3
120777,F,35.6,SOLTEIRO(A),BRANCA,DE 1.5 A 3
120777,M,39.9,SOLTEIRO(A),PARDA,DE 1.5 A 3
120777,M,56.3,NA,NA,NA
120777,M,46.7,CASADO(A),BRANCA,DE 1.5 A 3
120777,F,57.6,SOLTEIRO(A),PARDA,ATE 1.5
120777,M,18.8,SOLTEIRO(A),PARDA,ATE 1.5
120777,M,44.2,SOLTEIRO(A),PARDA,DE 1.5 A 3
120777,M,70.9,SOLTEIRO(A),PARDA,ATE 1.5
121366,M,52.6,CASADO(A),NAO DECLARADO,DE 4.5 A 6
121366,F,38.7,SOLTEIRO(A),PARDA,ATE 1.5
121367,F,70.3,NA,NA,NA
121367,F,61.9,SOLTEIRO(A),PARDA,ATE 1.5
121367,F,62.5,SOLTEIRO(A),BRANCA,ATE 1.5
121367,M,50.8,SOLTEIRO(A),PRETA,ATE 1.5
121367,F,31.8,OUTRO,PARDA,DE 1.5 A 3
313436,M,43.9,SOLTEIRO(A),PARDA,DE 4.5 A 6
313436,F,28.3,SOLTEIRO(A),PARDA,DE 1.5 A 3
313436,M,68.6,SOLTEIRO(A),BRANCA,DE 1.5 A 3
313436,M,49.3,SOLTEIRO(A),BRANCA,DE 1.5 A 3
313436,M,47.2,SOLTEIRO(A),BRANCA,DE 1.5 A 3
313436,M,62.5,SOLTEIRO(A),BRANCA,DE 6 A 10
313436,F,41.4,SOLTEIRO(A),PARDA,DE 1.5 A 3
313448,F,54.3,SEPARADO(A),PARDA,DE 1.5 A 3
313448,M,65.2,SOLTEIRO(A),BRANCA,DE 6 A 10
313448,M,72.4,SOLTEIRO(A),PARDA,DE 1.5 A 3
313448,M,79,SOLTEIRO(A),BRANCA,F
318388,M,45.3,SOLTEIRO(A),PARDA,ATE 1.5
318388,M,40.3,SOLTEIRO(A),BRANCA,DE 1.5 A 3
318388,M,60.3,SOLTEIRO(A),BRANCA,F
318388,M,48.2,SOLTEIRO(A),BRANCA,DE 1.5 A 3
318388,M,36.6,SOLTEIRO(A),NAO DECLARADO,DE 3 A 4.5
1106561,F,30.7,SOLTEIRO(A),PARDA,DE 1.5 A 3
1106561,F,40.6,SOLTEIRO(A),PARDA,ATE 1.5
1106561,F,34.4,SOLTEIRO(A),BRANCA,DE 1.5 A 3
1106561,F,35.7,SOLTEIRO(A),PARDA,DE 1.5 A 3
1106561,F,36.9,SOLTEIRO(A),PARDA,ATE 1.5
1106561,M,49,SOLTEIRO(A),BRANCA,DE 1.5 A 3
1106561,F,28.4,SOLTEIRO(A),BRANCA,ATE 1.5
1106561,F,51,CASADO(A),BRANCA,ATE 1.5
1106561,M,47.5,SOLTEIRO(A),BRANCA,DE 1.5 A 3
1106561,F,46.7,SOLTEIRO(A),BRANCA,DE 1.5 A 3
1106561,M,42.3,CASADO(A),BRANCA,DE 1.5 A 3
1106561,M,44.5,OUTRO,PARDA,ATE 1.5
1106561,F,35,SOLTEIRO(A),PRETA,F
1106561,F,29.7,SOLTEIRO(A),BRANCA,DE 1.5 A 3
1106561,F,28.8,SOLTEIRO(A),AMARELA,ATE 1.5
1106561,F,44.2,CASADO(A),BRANCA,ATE 1.5
1106561,F,46.3,SOLTEIRO(A),BRANCA,ATE 1.5
1106561,F,49,SOLTEIRO(A),NAO DECLARADO,DE 3 A 4.5
1106561,F,30.8,SOLTEIRO(A),PRETA,ATE 1.5
1106561,F,39.2,SOLTEIRO(A),BRANCA,DE 1.5 A 3
1106561,M,42.8,SOLTEIRO(A),BRANCA,ATE 1.5
1106561,F,30.9,SOLTEIRO(A),BRANCA,DE 1.5 A 3
1106561,F,26.8,SOLTEIRO(A),PARDA,DE 1.5 A 3
1106561,M,40.4,SOLTEIRO(A),PARDA,DE 3 A 4.5
1106561,F,20.5,SOLTEIRO(A),BRANCA,DE 1.5 A 3
1106561,M,42.1,SOLTEIRO(A),PARDA,DE 1.5 A 3
1106561,F,46.4,SOLTEIRO(A),BRANCA,F
1106562,M,34,SOLTEIRO(A),BRANCA,ATE 1.5
1106562,F,16.8,SOLTEIRO(A),PARDA,ATE 1.5
1106562,F,42.2,SOLTEIRO(A),PARDA,DE 1.5 A 3
1106562,M,33.9,SOLTEIRO(A),BRANCA,DE 1.5 A 3
1106562,F,31,SOLTEIRO(A),PARDA,DE 1.5 A 3
1106562,M,39.5,SOLTEIRO(A),BRANCA,ATE 1.5
1106562,F,37.9,SOLTEIRO(A),AMARELA,DE 1.5 A 3
1106562,F,9.1,SOLTEIRO(A),PARDA,DE 1.5 A 3
1106562,M,48.8,SOLTEIRO(A),PARDA,ATE 1.5
1106562,M,28.5,SOLTEIRO(A),BRANCA,ATE 1.5
1106562,M,23.5,SOLTEIRO(A),BRANCA,DE 1.5 A 3
1106562,F,21.6,SOLTEIRO(A),BRANCA,ATE 1.5
1106562,F,27.7,SOLTEIRO(A),PARDA,ATE 1.5
1106562,F,40.8,SOLTEIRO(A),PARDA,ATE 1.5
1106562,F,31.3,SOLTEIRO(A),BRANCA,DE 1.5 A 3
1106562,F,42.1,SOLTEIRO(A),PARDA,DE 1.5 A 3
1106562,F,18.8,SOLTEIRO(A),BRANCA,ATE 1.5
1106562,M,30.2,SOLTEIRO(A),PRETA,ATE 1.5
1106578,M,40.9,SOLTEIRO(A),BRANCA,ATE 1.5
1106578,F,34.3,SOLTEIRO(A),PARDA,ATE 1.5
1106578,F,37.5,SOLTEIRO(A),BRANCA,DE 6 A 10
1106578,M,29.6,SOLTEIRO(A),PRETA,DE 1.5 A 3
1106578,M,39.4,SOLTEIRO(A),PARDA,ATE 1.5
1106578,M,37.6,NA,NA,NA
1106578,M,51.4,SOLTEIRO(A),PARDA,DE 1.5 A 3
1106578,F,38.3,SOLTEIRO(A),BRANCA,DE 4.5 A 6
1106578,M,47.8,SOLTEIRO(A),PARDA,DE 1.5 A 3
1106578,M,57.6,SOLTEIRO(A),PARDA,DE 3 A 4.5
1106578,F,46.8,SOLTEIRO(A),NAO DECLARADO,DE 1.5 A 3
1106578,M,33.6,SOLTEIRO(A),PARDA,DE 1.5 A 3
1106578,M,21.3,SOLTEIRO(A),PARDA,DE 3 A 4.5
1106578,M,32.5,SOLTEIRO(A),BRANCA,ATE 1.5
1106578,F,30.6,SOLTEIRO(A),BRANCA,F
1106578,F,31.4,SOLTEIRO(A),PARDA,DE 1.5 A 3
1106578,M,49.2,SOLTEIRO(A),PARDA,ATE 1.5
1106578,F,44.1,SOLTEIRO(A),BRANCA,ATE 1.5
1106578,M,55.6,NA,NA,NA
1106578,F,48.5,SOLTEIRO(A),PARDA,ATE 1.5
1106578,M,49.8,SOLTEIRO(A),PARDA,ATE 1.5
1106578,F,54.3,NA,NA,NA
1106578,M,42,SOLTEIRO(A),BRANCA,DE 3 A 4.5
1106578,M,54,SOLTEIRO(A),BRANCA,DE 1.5 A 3
1106578,F,46.2,SOLTEIRO(A),PARDA,ATE 1.5
1106578,M,28.1,SOLTEIRO(A),PARDA,DE 1.5 A 3
1106578,M,42.4,SOLTEIRO(A),PARDA,ATE 1.5
1106578,F,40.1,NA,NA,NA
1106578,M,58.4,SOLTEIRO(A),PARDA,DE 4.5 A 6
1106578,F,33.2,NA,NA,NA
1106578,F,30.7,SOLTEIRO(A),PARDA,DE 1.5 A 3
1106578,F,34.6,OUTRO,BRANCA,ATE 1.5
1106578,M,29.6,NA,NA,NA
1106595,F,37.2,CASADO(A),PARDA,ATE 1.5
1106595,M,29.4,SOLTEIRO(A),BRANCA,DE 1.5 A 3
1106595,F,60.6,SOLTEIRO(A),PARDA,ATE 1.5
1106595,F,40,SOLTEIRO(A),PARDA,ATE 1.5
1106595,M,50.2,SOLTEIRO(A),BRANCA,DE 1.5 A 3
1106595,M,43.3,SOLTEIRO(A),PARDA,ATE 1.5
1106595,M,38.1,SOLTEIRO(A),BRANCA,DE 1.5 A 3
1106595,M,66.3,SOLTEIRO(A),PARDA,ATE 1.5
1106595,F,46.4,SOLTEIRO(A),BRANCA,DE 1.5 A 3
1106595,F,41.9,SOLTEIRO(A),PARDA,ATE 1.5
1106595,F,32.7,SOLTEIRO(A),PRETA,ATE 1.5
1106595,F,34.9,CASADO(A),PARDA,DE 1.5 A 3
1106595,F,40.7,OUTRO,BRANCA,ATE 1.5
1106595,M,39.8,NA,NA,NA
1106595,F,63.8,CASADO(A),NAO DECLARADO,DE 1.5 A 3
1106595,F,40.7,CASADO(A),PRETA,ATE 1.5
1106595,F,56.6,SOLTEIRO(A),PARDA,ATE 1.5
1106595,F,53.6,SOLTEIRO(A),PARDA,ATE 1.5
1106595,F,35.7,CASADO(A),PARDA,ATE 1.5
1106595,M,47.4,OUTRO,PRETA,ATE 1.5
1106595,M,50.8,SOLTEIRO(A),PARDA,DE 6 A 10
1106595,M,41.5,SOLTEIRO(A),AMARELA,DE 1.5 A 3
1106595,F,56.4,SOLTEIRO(A),BRANCA,DE 1.5 A 3
1106595,F,45.2,SOLTEIRO(A),PARDA,ATE 1.5
1106595,F,35.9,SOLTEIRO(A),PARDA,ATE 1.5
1106595,M,37.6,VIUVO(A),AMARELA,DE 1.5 A 3
1106595,M,13.2,NA,NA,NA
1106595,F,54.2,SOLTEIRO(A),BRANCA,ATE 1.5
1106595,M,53.6,SOLTEIRO(A),BRANCA,DE 1.5 A 3
1106595,F,40.6,SOLTEIRO(A),PARDA,ATE 1.5
1106595,F,35.9,SOLTEIRO(A),BRANCA,DE 1.5 A 3
1106595,F,43.9,SOLTEIRO(A),PARDA,ATE 1.5
1106595,F,45.3,SOLTEIRO(A),PRETA,DE 1.5 A 3
1106595,F,39.5,SOLTEIRO(A),BRANCA,ATE 1.5
1106595,F,26.4,SOLTEIRO(A),BRANCA,ATE 1.5
1106595,F,53.3,SOLTEIRO(A),PRETA,ATE 1.5
1106595,F,40.6,SOLTEIRO(A),BRANCA,DE 1.5 A 3
1106595,M,51.6,SOLTEIRO(A),PARDA,ATE 1.5
1106595,F,10.9,SOLTEIRO(A),PARDA,ATE 1.5
1106595,F,27.2,SOLTEIRO(A),PARDA,ATE 1.5
1106595,F,35.9,OUTRO,PARDA,ATE 1.5
1106595,F,43.4,SOLTEIRO(A),BRANCA,ATE 1.5
1106595,F,47.9,SOLTEIRO(A),PARDA,ATE 1.5
1106595,F,42.6,SOLTEIRO(A),PARDA,ATE 1.5
1106595,F,23.8,CASADO(A),PARDA,ATE 1.5
1106595,F,51.7,SOLTEIRO(A),PARDA,DE 1.5 A 3
1106595,F,35,SOLTEIRO(A),BRANCA,DE 1.5 A 3
1106595,F,44,SOLTEIRO(A),BRANCA,DE 1.5 A 3
1106595,F,43.1,CASADO(A),PARDA,DE 1.5 A 3
1129147,M,65.4,SOLTEIRO(A),BRANCA,DE 3 A 4.5
1129147,F,73.6,SOLTEIRO(A),BRANCA,F
1129147,M,73.9,SOLTEIRO(A),PARDA,DE 3 A 4.5
1129147,F,47.6,SOLTEIRO(A),BRANCA,DE 4.5 A 6
1129147,M,29.9,SOLTEIRO(A),PARDA,DE 1.5 A 3
1129147,M,65.8,SOLTEIRO(A),NAO DECLARADO,DE 3 A 4.5
1129147,F,40.6,SOLTEIRO(A),BRANCA,DE 3 A 4.5
1129147,M,75.8,SOLTEIRO(A),PARDA,ATE 1.5
1129147,M,68.8,SOLTEIRO(A),PARDA,DE 1.5 A 3
1129147,F,64.7,SOLTEIRO(A),BRANCA,DE 1.5 A 3
1129147,F,50.6,SOLTEIRO(A),BRANCA,DE 1.5 A 3
1129147,M,68.2,CASADO(A),BRANCA,DE 6 A 10
1129147,F,75.1,SOLTEIRO(A),BRANCA,F
1129147,M,71.1,SOLTEIRO(A),PARDA,F
1129147,M,53.7,SOLTEIRO(A),PARDA,DE 6 A 10
1129147,F,62.3,SOLTEIRO(A),BRANCA,DE 1.5 A 3
1129147,F,70,SOLTEIRO(A),BRANCA,DE 3 A 4.5
1129147,M,73,SOLTEIRO(A),BRANCA,DE 4.5 A 6
1129147,F,53.3,SOLTEIRO(A),BRANCA,DE 3 A 4.5
1129147,M,39.8,SOLTEIRO(A),BRANCA,DE 3 A 4.5
1129147,F,80.2,SOLTEIRO(A),BRANCA,DE 6 A 10
1129147,F,68.5,SOLTEIRO(A),BRANCA,F
1129147,M,55.7,SOLTEIRO(A),BRANCA,F
1129147,M,70.1,SOLTEIRO(A),PARDA,DE 4.5 A 6
1129147,F,76.4,SOLTEIRO(A),PARDA,DE 6 A 10
1129147,F,76.9,SOLTEIRO(A),PARDA,F
1129147,F,64.7,SOLTEIRO(A),BRANCA,DE 6 A 10
1129147,F,76.4,SOLTEIRO(A),BRANCA,F
1129147,M,60.5,SOLTEIRO(A),BRANCA,DE 6 A 10
1129147,M,77.8,SOLTEIRO(A),BRANCA,DE 3 A 4.5
1129147,F,64.5,SOLTEIRO(A),BRANCA,DE 3 A 4.5
1129147,F,60.5,SOLTEIRO(A),BRANCA,F
1129147,M,65.2,SOLTEIRO(A),BRANCA,DE 3 A 4.5
1129147,F,64,SEPARADO(A),BRANCA,DE 3 A 4.5
1129147,F,50,SOLTEIRO(A),BRANCA,DE 1.5 A 3
1129147,F,84.8,SOLTEIRO(A),BRANCA,DE 4.5 A 6
1129147,M,70.1,SOLTEIRO(A),PARDA,ATE 1.5
1129147,F,77,SOLTEIRO(A),BRANCA,F
1129147,F,66.1,SOLTEIRO(A),PARDA,ATE 1.5
1129147,F,62.6,SOLTEIRO(A),BRANCA,DE 3 A 4.5
1129147,F,56.5,SOLTEIRO(A),BRANCA,DE 1.5 A 3
1129147,F,61.2,SOLTEIRO(A),PARDA,DE 3 A 4.5
1129147,F,64.9,SOLTEIRO(A),BRANCA,DE 3 A 4.5
1129147,F,66.8,SOLTEIRO(A),BRANCA,DE 4.5 A 6
1129147,M,73.7,SOLTEIRO(A),BRANCA,DE 6 A 10
1129147,F,53.1,SOLTEIRO(A),BRANCA,DE 4.5 A 6
1129147,F,74.6,SOLTEIRO(A),PARDA,DE 3 A 4.5
1129147,M,53.9,SOLTEIRO(A),NAO DECLARADO,DE 4.5 A 6
1129147,M,38.2,SOLTEIRO(A),PARDA,DE 4.5 A 6
1152880,M,34,SOLTEIRO(A),PARDA,DE 1.5 A 3
1152880,F,32.6,SOLTEIRO(A),PRETA,DE 1.5 A 3
1152880,M,40.6,SEPARADO(A),BRANCA,DE 3 A 4.5
1152880,F,43.6,SOLTEIRO(A),PARDA,ATE 1.5
1152880,F,39.9,SOLTEIRO(A),PARDA,ATE 1.5
1152880,M,69.7,SOLTEIRO(A),PARDA,DE 3 A 4.5
1152880,F,44.4,CASADO(A),BRANCA,ATE 1.5
1152880,F,53.8,SOLTEIRO(A),BRANCA,ATE 1.5
1152880,F,33.5,SOLTEIRO(A),PRETA,ATE 1.5
1152880,M,29,SOLTEIRO(A),PARDA,ATE 1.5
1152880,M,27.8,CASADO(A),PARDA,ATE 1.5
1152880,F,51.7,SOLTEIRO(A),PARDA,ATE 1.5
1152880,F,40.7,SOLTEIRO(A),PARDA,DE 1.5 A 3
1152880,F,49.1,SOLTEIRO(A),BRANCA,ATE 1.5
1152880,F,48.7,SOLTEIRO(A),PARDA,ATE 1.5
1152880,F,33.8,OUTRO,BRANCA,ATE 1.5
1152880,M,39.7,SOLTEIRO(A),PARDA,ATE 1.5
1152880,F,29.8,CASADO(A),AMARELA,ATE 1.5
1152881,M,16.3,CASADO(A),BRANCA,DE 3 A 4.5
1152881,F,46.8,CASADO(A),PARDA,ATE 1.5
1152881,F,49.8,SOLTEIRO(A),PARDA,ATE 1.5
1152881,M,46.9,SOLTEIRO(A),PARDA,DE 1.5 A 3
1152881,F,40.3,SOLTEIRO(A),PRETA,ATE 1.5
1152881,M,34.2,CASADO(A),PARDA,ATE 1.5
1152881,F,25.3,SOLTEIRO(A),PARDA,ATE 1.5
1152881,F,36.7,CASADO(A),PARDA,DE 1.5 A 3
1152881,M,34.4,SOLTEIRO(A),BRANCA,DE 1.5 A 3
1152881,F,38,SEPARADO(A),PARDA,ATE 1.5
1152881,F,47.7,OUTRO,PARDA,DE 1.5 A 3
1152881,M,33.3,SOLTEIRO(A),BRANCA,ATE 1.5
1152881,M,41.6,SOLTEIRO(A),BRANCA,DE 1.5 A 3
1152881,F,49.4,SOLTEIRO(A),PRETA,ATE 1.5
1152881,M,29.8,CASADO(A),PARDA,ATE 1.5
1152881,M,45.8,SOLTEIRO(A),BRANCA,ATE 1.5
1152881,M,28.4,SOLTEIRO(A),AMARELA,ATE 1.5
1152881,M,43,SOLTEIRO(A),PARDA,DE 1.5 A 3
1152881,M,63.1,SOLTEIRO(A),PARDA,DE 1.5 A 3
1152881,M,37.2,SOLTEIRO(A),BRANCA,DE 1.5 A 3
1152881,M,32.8,SOLTEIRO(A),PARDA,ATE 1.5
1152881,M,48,SOLTEIRO(A),BRANCA,ATE 1.5
1152881,F,23.9,SOLTEIRO(A),PARDA,DE 1.5 A 3
1152881,F,27.3,CASADO(A),BRANCA,ATE 1.5
1152881,M,31.5,CASADO(A),PARDA,ATE 1.5
1152881,M,28.5,SOLTEIRO(A),PARDA,ATE 1.5
1152881,F,31.1,SOLTEIRO(A),PARDA,DE 1.5 A 3
1152881,F,35.9,SOLTEIRO(A),PARDA,DE 1.5 A 3
1152881,M,21.9,SOLTEIRO(A),PARDA,ATE 1.5
1152881,F,31.2,CASADO(A),PARDA,ATE 1.5
1152881,F,37.2,SOLTEIRO(A),BRANCA,DE 1.5 A 3
1152881,M,58.5,SOLTEIRO(A),PARDA,ATE 1.5
1152881,M,20.2,SOLTEIRO(A),PARDA,DE 1.5 A 3
1152882,F,49.4,CASADO(A),PARDA,DE 3 A 4.5
1152882,F,45.5,NA,NA,NA
1152882,F,36.6,SOLTEIRO(A),BRANCA,ATE 1.5
1152882,M,48.4,SOLTEIRO(A),PARDA,ATE 1.5
1152882,M,55,SOLTEIRO(A),PARDA,ATE 1.5
1152882,M,59.4,CASADO(A),NAO DECLARADO,ATE 1.5
1152882,M,32.1,SOLTEIRO(A),PARDA,ATE 1.5
1152882,M,64.6,SOLTEIRO(A),PARDA,ATE 1.5
1152882,F,45.7,SOLTEIRO(A),PARDA,ATE 1.5
1152882,F,45.2,CASADO(A),BRANCA,ATE 1.5
1152882,M,55,SOLTEIRO(A),PRETA,ATE 1.5
1152882,F,35,SOLTEIRO(A),PARDA,DE 1.5 A 3
1152882,F,63.2,SOLTEIRO(A),BRANCA,DE 1.5 A 3
1152882,F,47.2,SOLTEIRO(A),BRANCA,DE 1.5 A 3
1152882,F,49.9,SOLTEIRO(A),PRETA,ATE 1.5
1152882,M,52.5,SOLTEIRO(A),PARDA,ATE 1.5
1152882,F,44.9,SOLTEIRO(A),PARDA,ATE 1.5
1152882,M,64,SOLTEIRO(A),AMARELA,ATE 1.5
1152882,F,36.5,SOLTEIRO(A),BRANCA,DE 1.5 A 3
1152882,F,73.9,SOLTEIRO(A),PRETA,ATE 1.5
1152882,F,52.7,SOLTEIRO(A),NAO DECLARADO,ATE 1.5
1152882,F,63.5,SEPARADO(A),PARDA,ATE 1.5
1152882,F,53,SOLTEIRO(A),PARDA,ATE 1.5
1152882,F,51.7,SOLTEIRO(A),BRANCA,ATE 1.5
1152882,F,36.2,SOLTEIRO(A),BRANCA,ATE 1.5
1152882,M,42.2,SOLTEIRO(A),BRANCA,ATE 1.5
1152882,F,75.4,SOLTEIRO(A),PARDA,ATE 1.5
1152882,F,45.4,SOLTEIRO(A),PARDA,ATE 1.5
1152882,M,43.8,SOLTEIRO(A),PARDA,ATE 1.5
1152882,M,52.7,SOLTEIRO(A),PARDA,ATE 1.5
1152882,F,51.2,SOLTEIRO(A),PARDA,ATE 1.5
1152882,F,53.6,SOLTEIRO(A),PRETA,DE 1.5 A 3
1152882,F,65.2,CASADO(A),PRETA,ATE 1.5
1158116,F,32.5,SOLTEIRO(A),PARDA,ATE 1.5
1158116,F,43.4,SOLTEIRO(A),BRANCA,ATE 1.5
1158116,F,32.6,CASADO(A),BRANCA,ATE 1.5
1158116,M,62.1,CASADO(A),PARDA,DE 1.5 A 3
1158116,M,66.2,SOLTEIRO(A),BRANCA,ATE 1.5
1158116,F,44.5,SEPARADO(A),PARDA,ATE 1.5
1158116,F,63.9,SOLTEIRO(A),PARDA,DE 1.5 A 3
1158116,F,68.2,CASADO(A),PARDA,ATE 1.5
1158116,F,41.6,SOLTEIRO(A),PARDA,ATE 1.5
1158116,F,41.4,SOLTEIRO(A),PARDA,ATE 1.5
1158116,M,31.7,SOLTEIRO(A),BRANCA,DE 1.5 A 3
1158116,F,64.5,SOLTEIRO(A),PRETA,ATE 1.5
1158116,F,66.3,SOLTEIRO(A),PARDA,DE 6 A 10
1158116,F,69.3,SOLTEIRO(A),PARDA,ATE 1.5
1158116,F,38.6,SOLTEIRO(A),PARDA,DE 3 A 4.5
1158116,F,54.3,SOLTEIRO(A),BRANCA,ATE 1.5
1158116,F,50.1,SOLTEIRO(A),PRETA,ATE 1.5
1158116,F,56.5,CASADO(A),AMARELA,DE 1.5 A 3
1158116,F,41.2,CASADO(A),BRANCA,ATE 1.5
1158116,F,52,SOLTEIRO(A),PRETA,ATE 1.5
1158116,F,62.7,CASADO(A),BRANCA,DE 1.5 A 3
1158116,F,35.9,SOLTEIRO(A),PARDA,DE 6 A 10
1158116,F,51.7,CASADO(A),PARDA,DE 1.5 A 3
1158116,F,50.5,SOLTEIRO(A),PARDA,ATE 1.5
1158116,M,66.1,SOLTEIRO(A),PARDA,DE 1.5 A 3
1158116,F,55.2,SOLTEIRO(A),PARDA,DE 1.5 A 3
1158116,F,43.5,CASADO(A),PRETA,ATE 1.5
1158116,F,54.9,SOLTEIRO(A),BRANCA,DE 1.5 A 3
1158116,F,49.3,SOLTEIRO(A),PARDA,DE 1.5 A 3
1158116,F,52.1,SOLTEIRO(A),BRANCA,ATE 1.5
1158116,F,40,CASADO(A),AMARELA,DE 4.5 A 6
1158907,F,54.1,SOLTEIRO(A),BRANCA,DE 4.5 A 6
1158907,M,53.8,OUTRO,BRANCA,ATE 1.5
1158907,M,55.7,OUTRO,NAO DECLARADO,ATE 1.5
1158907,F,74,CASADO(A),PARDA,ATE 1.5
1158907,F,48.1,SOLTEIRO(A),BRANCA,DE 1.5 A 3
1158907,F,42,SOLTEIRO(A),AMARELA,DE 1.5 A 3
1158907,F,48.8,SOLTEIRO(A),PARDA,ATE 1.5
1158907,M,53.1,SOLTEIRO(A),PARDA,DE 3 A 4.5
1158907,F,57.7,SOLTEIRO(A),BRANCA,DE 4.5 A 6
1158907,F,47.3,SOLTEIRO(A),PARDA,DE 3 A 4.5
1158907,F,61,SOLTEIRO(A),NAO DECLARADO,DE 1.5 A 3
1158907,F,63.8,SOLTEIRO(A),INDÍGENA,DE 3 A 4.5
1158907,F,53.9,SOLTEIRO(A),BRANCA,DE 4.5 A 6
1160083,F,59.9,SOLTEIRO(A),BRANCA,ATE 1.5
1160083,F,58.3,SOLTEIRO(A),PARDA,ATE 1.5
1160083,F,49,SOLTEIRO(A),AMARELA,ATE 1.5
1160083,F,38.8,SOLTEIRO(A),PRETA,ATE 1.5
1160083,F,43,SOLTEIRO(A),BRANCA,DE 1.5 A 3
1160083,F,46.5,CASADO(A),PARDA,ATE 1.5
1160083,M,52.4,SOLTEIRO(A),BRANCA,ATE 1.5
1160083,F,57.5,SOLTEIRO(A),BRANCA,ATE 1.5
1160083,F,21.4,CASADO(A),PRETA,ATE 1.5
1160083,M,45.4,SOLTEIRO(A),BRANCA,ATE 1.5
1160083,F,41.5,SOLTEIRO(A),BRANCA,DE 3 A 4.5
1160083,F,54.3,CASADO(A),BRANCA,ATE 1.5
1160083,F,59.5,SOLTEIRO(A),PARDA,DE 1.5 A 3
1160083,F,54.4,CASADO(A),BRANCA,DE 1.5 A 3
1160083,F,47.4,SOLTEIRO(A),PARDA,ATE 1.5
1160083,F,32.6,SOLTEIRO(A),PRETA,ATE 1.5
1160083,M,55.5,SOLTEIRO(A),PARDA,DE 1.5 A 3
1160083,F,26.6,SOLTEIRO(A),BRANCA,ATE 1.5
1160083,F,37.6,SOLTEIRO(A),BRANCA,ATE 1.5
1160083,F,59.8,SOLTEIRO(A),PARDA,ATE 1.5
1160083,F,27.1,SOLTEIRO(A),PARDA,ATE 1.5
1160083,M,42.6,SOLTEIRO(A),PARDA,ATE 1.5
1160083,M,59.1,SOLTEIRO(A),PARDA,ATE 1.5
1160083,F,38.5,SOLTEIRO(A),PARDA,ATE 1.5
1160083,F,47.4,CASADO(A),BRANCA,ATE 1.5
1160083,M,41.3,CASADO(A),PARDA,ATE 1.5
1160083,F,51.2,SOLTEIRO(A),PRETA,ATE 1.5
1160083,M,55.4,SOLTEIRO(A),BRANCA,DE 1.5 A 3
1160083,M,42.4,SOLTEIRO(A),PARDA,ATE 1.5
1160083,F,47.6,SOLTEIRO(A),PARDA,ATE 1.5
1160083,F,39.7,SOLTEIRO(A),PARDA,ATE 1.5
1160083,F,64.2,SOLTEIRO(A),BRANCA,ATE 1.5
1160083,M,60.2,SOLTEIRO(A),BRANCA,ATE 1.5
1160083,F,38.6,CASADO(A),PARDA,ATE 1.5
1160083,M,69.2,SOLTEIRO(A),PARDA,DE 1.5 A 3
1160083,F,54.3,SOLTEIRO(A),PARDA,ATE 1.5
1160083,M,60.8,SOLTEIRO(A),BRANCA,DE 1.5 A 3
1160083,F,34.8,CASADO(A),PARDA,ATE 1.5
1160083,M,46.9,CASADO(A),PARDA,DE 3 A 4.5
1160083,F,47.6,SOLTEIRO(A),AMARELA,ATE 1.5
1160083,F,39.7,CASADO(A),PARDA,ATE 1.5
1160083,M,48.2,SOLTEIRO(A),NAO DECLARADO,DE 1.5 A 3
1160083,F,33.9,CASADO(A),PARDA,ATE 1.5
1160083,F,47,SOLTEIRO(A),BRANCA,ATE 1.5
1162185,F,51.2,SOLTEIRO(A),PRETA,ATE 1.5
1162185,F,55.3,SOLTEIRO(A),BRANCA,DE 1.5 A 3
1162185,F,79.5,SOLTEIRO(A),BRANCA,DE 1.5 A 3
1162185,M,62.5,SOLTEIRO(A),PARDA,ATE 1.5
1162185,F,50.4,SOLTEIRO(A),BRANCA,ATE 1.5
1162185,F,32.8,SOLTEIRO(A),BRANCA,ATE 1.5
1162185,M,27.1,SOLTEIRO(A),PARDA,ATE 1.5
1162185,F,62.3,SOLTEIRO(A),PARDA,ATE 1.5
1162185,M,38.1,SOLTEIRO(A),BRANCA,DE 1.5 A 3
1162185,F,38.3,CASADO(A),NAO DECLARADO,ATE 1.5
1162185,M,48.6,SOLTEIRO(A),PRETA,ATE 1.5
1162185,F,51.8,SOLTEIRO(A),PARDA,ATE 1.5
1162185,F,51.1,SOLTEIRO(A),PRETA,DE 3 A 4.5
1162185,F,50.1,SOLTEIRO(A),PARDA,DE 1.5 A 3
1204358,M,41.9,SOLTEIRO(A),PARDA,ATE 1.5
1204358,F,46.7,SOLTEIRO(A),PRETA,ATE 1.5
1204358,F,34.9,SOLTEIRO(A),BRANCA,ATE 1.5
1152879,M,NA,SOLTEIRO(A),PARDA,ATE 1.5
